Carimbo de data/hora para frequência de amostra a cada 1 min min, temperatura_Celsius,Umidade_relativa
2026-06-17 12:20:00,19.6,50.8
2026-06-17 12:21:00,19.5,50.9
2026-06-17 12:22:00,19.3,50.7
2026-06-17 12:23:00,19.6,50.9
2026-06-17 12:24:00,19.5,51
2026-06-17 12:25:00,19.3,50.8
2026-06-17 12:26:00,19.6,50.8
2026-06-17 12:27:00,19.4,50.7
2026-06-17 12:28:00,19.4,50.7
2026-06-17 12:29:00,19.5,50.9
2026-06-17 12:30:00,19.5,50.7
2026-06-17 12:31:00,19.3,50.8
2026-06-17 12:32:00,19.5,50.6
2026-06-17 12:33:00,19.6,50.8
2026-06-17 12:34:00,19.6,50.9
2026-06-17 12:35:00,19.5,50.8
2026-06-17 12:36:00,19.6,50.8
2026-06-17 12:37:00,19.5,50.6
2026-06-17 12:38:00,19.3,50.7
2026-06-17 12:39:00,19.5,50.7
2026-06-17 12:40:00,19.5,50.8
2026-06-17 12:41:00,19.5,50.7
2026-06-17 12:42:00,19.6,50.7
2026-06-17 12:43:00,19.4,50.7
2026-06-17 12:44:00,19.5,50.7
2026-06-17 12:45:00,19.6,50.7
2026-06-17 12:46:00,19.5,50.6
2026-06-17 12:47:00,19.4,50.6
2026-06-17 12:48:00,19.5,50.8
2026-06-17 12:49:00,19.5,50.6
2026-06-17 12:50:00,19.4,50.7
2026-06-17 12:51:00,19.6,50.7
2026-06-17 12:52:00,19.4,50.6
2026-06-17 12:53:00,19.5,50.6
2026-06-17 12:54:00,19.5,50.6
2026-06-17 12:55:00,19.6,50.7
2026-06-17 12:56:00,19.4,50.7
2026-06-17 12:57:00,19.6,50.6
2026-06-17 12:58:00,19.5,50.5
2026-06-17 12:59:00,19.5,50.6
2026-06-17 13:00:00,19.5,50.7
2026-06-17 13:01:00,19.5,50.5
2026-06-17 13:02:00,19.3,50.5
2026-06-17 13:03:00,19.6,50.5
2026-06-17 13:04:00,19.5,50.4
2026-06-17 13:05:00,19.6,50.4
2026-06-17 13:06:00,19.6,50.5
2026-06-17 13:07:00,19.5,50.4
2026-06-17 13:08:00,19.6,50.4
2026-06-17 13:09:00,19.7,50.4
2026-06-17 13:10:00,19.6,50.4
2026-06-17 13:11:00,19.7,50.4
2026-06-17 13:12:00,19.6,50.4
2026-06-17 13:13:00,19.6,50.5
2026-06-17 13:14:00,19.5,50.6
2026-06-17 13:15:00,19.6,50.7
2026-06-17 13:16:00,19.6,50.6
2026-06-17 13:17:00,19.6,50.6
2026-06-17 13:18:00,19.6,50.5
2026-06-17 13:19:00,19.6,50.7
2026-06-17 13:20:00,19.6,50.5
2026-06-17 13:21:00,19.6,50.6
2026-06-17 13:22:00,19.6,50.7
2026-06-17 13:23:00,19.6,50.7
2026-06-17 13:24:00,19.6,50.7
2026-06-17 13:25:00,19.6,50.5
2026-06-17 13:26:00,19.6,50.7
2026-06-17 13:27:00,19.6,50.7
2026-06-17 13:28:00,19.6,50.6
2026-06-17 13:29:00,19.7,50.6
2026-06-17 13:30:00,19.6,50.5
2026-06-17 13:31:00,19.5,50.5
2026-06-17 13:32:00,19.6,50.6
2026-06-17 13:33:00,19.6,50.6
2026-06-17 13:34:00,19.5,50.6
2026-06-17 13:35:00,19.7,50.7
2026-06-17 13:36:00,19.6,50.5
2026-06-17 13:37:00,19.5,50.5
2026-06-17 13:38:00,19.6,50.5
2026-06-17 13:39:00,19.6,50.4
2026-06-17 13:40:00,19.6,50.5
2026-06-17 13:41:00,19.6,50.7
2026-06-17 13:42:00,19.5,50.4
2026-06-17 13:43:00,19.5,50.6
2026-06-17 13:44:00,19.5,50.6
2026-06-17 13:45:00,19.6,50.6
2026-06-17 13:46:00,19.7,50.6
2026-06-17 13:47:00,19.5,50.5
2026-06-17 13:48:00,19.6,50.2
2026-06-17 13:49:00,19.5,50.6
2026-06-17 13:50:00,19.6,50.5
2026-06-17 13:51:00,19.5,50.5
2026-06-17 13:52:00,19.6,50.4
2026-06-17 13:53:00,19.6,50.7
2026-06-17 13:54:00,19.6,50.5
2026-06-17 13:55:00,19.6,50.4
2026-06-17 13:56:00,19.6,50.3
2026-06-17 13:57:00,19.6,50.4
2026-06-17 13:58:00,19.6,50.4
2026-06-17 13:59:00,19.7,50.4
2026-06-17 14:00:00,19.6,50.2
2026-06-17 14:01:00,19.7,50.2
2026-06-17 14:02:00,19.6,50.1
2026-06-17 14:03:00,19.6,50.1
2026-06-17 14:04:00,19.7,50.2
2026-06-17 14:05:00,19.7,50.2
2026-06-17 14:06:00,19.6,50.2
2026-06-17 14:07:00,19.8,50.2
2026-06-17 14:08:00,19.7,50.2
2026-06-17 14:09:00,19.6,50.1
2026-06-17 14:10:00,19.7,50.3
2026-06-17 14:11:00,19.7,50.1
2026-06-17 14:12:00,20,50.2
2026-06-17 14:13:00,19.7,50.1
2026-06-17 14:14:00,19.9,50.1
2026-06-17 14:15:00,19.9,50.1
2026-06-17 14:16:00,19.8,50
2026-06-17 14:17:00,19.7,49.9
2026-06-17 14:18:00,19.8,49.9
2026-06-17 14:19:00,20,49.8
2026-06-17 14:20:00,19.8,50.2
2026-06-17 14:21:00,19.9,50.3
2026-06-17 14:22:00,19.9,50.3
2026-06-17 14:23:00,19.9,50.3
2026-06-17 14:24:00,19.8,50.4
2026-06-17 14:25:00,19.7,50.2
2026-06-17 14:26:00,19.7,50
2026-06-17 14:27:00,19.9,50.1
2026-06-17 14:28:00,19.6,50.1
2026-06-17 14:29:00,19.9,49.9
2026-06-17 14:30:00,19.9,50.1
2026-06-17 14:31:00,19.9,50
2026-06-17 14:32:00,19.9,50.2
2026-06-17 14:33:00,19.9,50.2
2026-06-17 14:34:00,20,50.1
2026-06-17 14:35:00,19.9,50.2
2026-06-17 14:36:00,19.9,50.1
2026-06-17 14:37:00,19.9,50.1
2026-06-17 14:38:00,20,50.3
2026-06-17 14:39:00,20,50.3
2026-06-17 14:40:00,19.9,50.2
2026-06-17 14:41:00,20,50.3
2026-06-17 14:42:00,19.9,50.1
2026-06-17 14:43:00,20.1,50.3
2026-06-17 14:44:00,20,50.3
2026-06-17 14:45:00,19.9,50.2
2026-06-17 14:46:00,20.1,50.1
2026-06-17 14:47:00,20,49.9
2026-06-17 14:48:00,20,50
2026-06-17 14:49:00,19.9,49.5
2026-06-17 14:50:00,20,49.9
2026-06-17 14:51:00,20,50.2
2026-06-17 14:52:00,20,50.4
2026-06-17 14:53:00,20,50.3
2026-06-17 14:54:00,20.2,50.3
2026-06-17 14:55:00,20,50.3
2026-06-17 14:56:00,20.1,50.3
2026-06-17 14:57:00,20.1,50.5
2026-06-17 14:58:00,20,50.6
2026-06-17 14:59:00,19.9,50.6
2026-06-17 15:00:00,19.9,50.5
2026-06-17 15:01:00,19.9,50.7
2026-06-17 15:02:00,19.9,50.3
2026-06-17 15:03:00,20,50.5
2026-06-17 15:04:00,19.9,50.6
2026-06-17 15:05:00,19.9,50.5
2026-06-17 15:06:00,19.9,50.6
2026-06-17 15:07:00,19.9,50.5
2026-06-17 15:08:00,19.9,50.5
2026-06-17 15:09:00,19.9,50.5
2026-06-17 15:10:00,19.9,50.6
2026-06-17 15:11:00,19.7,50.4
2026-06-17 15:12:00,20,50.5
2026-06-17 15:13:00,20,50.4
2026-06-17 15:14:00,19.9,50.5
2026-06-17 15:15:00,19.9,50.7
2026-06-17 15:16:00,19.9,50.6
2026-06-17 15:17:00,19.9,50.6
2026-06-17 15:18:00,19.9,50.5
2026-06-17 15:19:00,19.8,50.5
2026-06-17 15:20:00,19.9,50.5
2026-06-17 15:21:00,19.9,50.2
2026-06-17 15:22:00,19.9,50.3
2026-06-17 15:23:00,20.1,50.4
2026-06-17 15:24:00,20.1,50.4
2026-06-17 15:25:00,20,50.3
2026-06-17 15:26:00,20,50.3
2026-06-17 15:27:00,20,50.4
2026-06-17 15:28:00,20,50.4
2026-06-17 15:29:00,20,50.4
2026-06-17 15:30:00,19.9,50.3
2026-06-17 15:31:00,19.9,50.4
2026-06-17 15:32:00,19.9,50.3
2026-06-17 15:33:00,19.9,50.4
2026-06-17 15:34:00,19.9,50.4
2026-06-17 15:35:00,20,50.3
2026-06-17 15:36:00,19.9,50.3
2026-06-17 15:37:00,20.1,50.3
2026-06-17 15:38:00,20,50.3
2026-06-17 15:39:00,19.9,50.2
2026-06-17 15:40:00,20,50.3
2026-06-17 15:41:00,19.9,50.3
2026-06-17 15:42:00,19.9,50.2
2026-06-17 15:43:00,20,50.3
2026-06-17 15:44:00,20.1,50.4
2026-06-17 15:45:00,19.9,50.2
2026-06-17 15:46:00,20.1,50.1
2026-06-17 15:47:00,20.1,50.2
2026-06-17 15:48:00,20.1,50.1
2026-06-17 15:49:00,20,50.1
2026-06-17 15:50:00,20.1,50
2026-06-17 15:51:00,20,49.9
2026-06-17 15:52:00,20.1,50.1
2026-06-17 15:53:00,20.1,50
2026-06-17 15:54:00,20.1,50
2026-06-17 15:55:00,20.2,50.1
2026-06-17 15:56:00,20.2,50.1
2026-06-17 15:57:00,20.1,49.9
2026-06-17 15:58:00,20.2,49.8
2026-06-17 15:59:00,20.1,49.9
2026-06-17 16:00:00,20.1,49.8
2026-06-17 16:01:00,20.1,50
2026-06-17 16:02:00,20.2,49.7
2026-06-17 16:03:00,20.3,49.8
2026-06-17 16:04:00,20.3,49.8
2026-06-17 16:05:00,20.2,49.6
2026-06-17 16:06:00,20,49.6
2026-06-17 16:07:00,20.3,49.7
2026-06-17 16:08:00,20.2,49.9
2026-06-17 16:09:00,20.2,50.1
2026-06-17 16:10:00,20.2,50.2
2026-06-17 16:11:00,20.1,50.3
2026-06-17 16:12:00,20.1,50.5
2026-06-17 16:13:00,20.1,50.4
2026-06-17 16:14:00,20.3,50.4
2026-06-17 16:15:00,20.3,50.3
2026-06-17 16:16:00,20.1,50.3
2026-06-17 16:17:00,20.1,50.5
2026-06-17 16:18:00,20.1,50.5
2026-06-17 16:19:00,20.1,50.4
2026-06-17 16:20:00,20.2,50.3
2026-06-17 16:21:00,20.1,50.4
2026-06-17 16:22:00,20,50.4
2026-06-17 16:23:00,20.1,50.5
2026-06-17 16:24:00,20,50.3
2026-06-17 16:25:00,20,50.7
2026-06-17 16:26:00,20,50.6
2026-06-17 16:27:00,20,50.5
2026-06-17 16:28:00,19.9,50.4
2026-06-17 16:29:00,20,50.4
2026-06-17 16:30:00,19.9,50.4
2026-06-17 16:31:00,20,50.4
2026-06-17 16:32:00,20,50.5
2026-06-17 16:33:00,19.9,50.5
2026-06-17 16:34:00,20,50.5
2026-06-17 16:35:00,20,50.6
2026-06-17 16:36:00,20,50.4
2026-06-17 16:37:00,19.9,50.5
2026-06-17 16:38:00,19.9,50.5
2026-06-17 16:39:00,20,50.5
2026-06-17 16:40:00,20,50.4
2026-06-17 16:41:00,20.1,50.5
2026-06-17 16:42:00,19.9,50.6
2026-06-17 16:43:00,20.1,50.5
2026-06-17 16:44:00,20,50.5
2026-06-17 16:45:00,20,50.4
2026-06-17 16:46:00,20.1,50.3
2026-06-17 16:47:00,20,50.4
2026-06-17 16:48:00,20,50.3
2026-06-17 16:49:00,20.2,50.4
2026-06-17 16:50:00,20.2,50.5
2026-06-17 16:51:00,20.1,50.5
2026-06-17 16:52:00,20,50.4
2026-06-17 16:53:00,20.1,50.3
2026-06-17 16:54:00,20.2,50.4
2026-06-17 16:55:00,20.1,50.4
2026-06-17 16:56:00,20.1,50.1
2026-06-17 16:57:00,20.3,50.2
2026-06-17 16:58:00,20.1,50.1
2026-06-17 16:59:00,20.1,50.1
2026-06-17 17:00:00,20.2,50.1
2026-06-17 17:01:00,20.1,50.2
2026-06-17 17:02:00,20.2,50.2
2026-06-17 17:03:00,20.2,50.1
2026-06-17 17:04:00,20.3,50.1
2026-06-17 17:05:00,20.3,50.3
2026-06-17 17:06:00,20.2,50.1
2026-06-17 17:07:00,20.3,50.1
2026-06-17 17:08:00,20.3,50.3
2026-06-17 17:09:00,20.2,50.1
2026-06-17 17:10:00,20.3,50.1
2026-06-17 17:11:00,20.4,50.1
2026-06-17 17:12:00,20.3,50.1
2026-06-17 17:13:00,20.2,49.9
2026-06-17 17:14:00,20.3,49.9
2026-06-17 17:15:00,20.3,49.9
2026-06-17 17:16:00,20.3,49.9
2026-06-17 17:17:00,20.2,50.3
2026-06-17 17:18:00,20.3,50.5
2026-06-17 17:19:00,20.4,50.5
2026-06-17 17:20:00,20.3,50.7
2026-06-17 17:21:00,20.2,50.3
2026-06-17 17:22:00,20.3,50.3
2026-06-17 17:23:00,20.4,50.3
2026-06-17 17:24:00,20.2,50.2
2026-06-17 17:25:00,20.3,50.2
2026-06-17 17:26:00,20.3,50.3
2026-06-17 17:27:00,20.5,50.3
2026-06-17 17:28:00,20.3,50.4
2026-06-17 17:29:00,20.4,50.2
2026-06-17 17:30:00,20.3,50.3
2026-06-17 17:31:00,20.3,50.2
2026-06-17 17:32:00,20.4,50
2026-06-17 17:33:00,20.3,50.2
2026-06-17 17:34:00,20.3,50
2026-06-17 17:35:00,20.4,49.8
2026-06-17 17:36:00,20.2,49.7
2026-06-17 17:37:00,20.4,49.7
2026-06-17 17:38:00,20.3,49.7
2026-06-17 17:39:00,20.5,49.7
2026-06-17 17:40:00,20.4,49.8
2026-06-17 17:41:00,20.4,49.8
2026-06-17 17:42:00,20.3,49.6
2026-06-17 17:43:00,20.5,49.8
2026-06-17 17:44:00,20.6,49.6
2026-06-17 17:45:00,20.6,49.7
2026-06-17 17:46:00,20.5,49.8
2026-06-17 17:47:00,20.3,49.5
2026-06-17 17:48:00,20.5,49.6
2026-06-17 17:49:00,20.4,49.7
2026-06-17 17:50:00,20.5,49.8
2026-06-17 17:51:00,20.5,49.7
2026-06-17 17:52:00,20.5,49.7
2026-06-17 17:53:00,20.3,49.8
2026-06-17 17:54:00,20.3,49.7
2026-06-17 17:55:00,20.4,49.6
2026-06-17 17:56:00,20.6,49.6
2026-06-17 17:57:00,20.5,49.7
2026-06-17 17:58:00,20.5,49.8
2026-06-17 17:59:00,20.6,49.8
2026-06-17 18:00:00,20.6,49.8
2026-06-17 18:01:00,20.6,49.6
2026-06-17 18:02:00,20.5,49.6
2026-06-17 18:03:00,20.6,49.8
2026-06-17 18:04:00,20.6,49.7
2026-06-17 18:05:00,20.6,49.6
2026-06-17 18:06:00,20.5,49.7
2026-06-17 18:07:00,20.6,49.8
2026-06-17 18:08:00,20.6,49.9
2026-06-17 18:09:00,20.5,50.2
2026-06-17 18:10:00,20.6,50.4
2026-06-17 18:11:00,20.5,50.5
2026-06-17 18:12:00,20.4,50.2
2026-06-17 18:13:00,20.5,50.2
2026-06-17 18:14:00,20.6,50.4
2026-06-17 18:15:00,20.6,50.4
2026-06-17 18:16:00,20.5,50.4
2026-06-17 18:17:00,20.5,50.4
2026-06-17 18:18:00,20.6,50.3
2026-06-17 18:19:00,20.5,50.2
2026-06-17 18:20:00,20.5,50.2
2026-06-17 18:21:00,20.5,50.4
2026-06-17 18:22:00,20.5,50.4
2026-06-17 18:23:00,20.5,50.3
2026-06-17 18:24:00,20.5,50.2
2026-06-17 18:25:00,20.5,50.3
2026-06-17 18:26:00,20.6,50.2
2026-06-17 18:27:00,20.6,50.2
2026-06-17 18:28:00,20.6,50.4
2026-06-17 18:29:00,20.5,50.3
2026-06-17 18:30:00,20.6,50.4
2026-06-17 18:31:00,20.6,50.4
2026-06-17 18:32:00,20.5,50.3
2026-06-17 18:33:00,20.4,50.3
2026-06-17 18:34:00,20.6,50.2
2026-06-17 18:35:00,20.6,50.2
2026-06-17 18:36:00,20.6,50.2
2026-06-17 18:37:00,20.6,50.3
2026-06-17 18:38:00,20.6,50.4
2026-06-17 18:39:00,20.4,50.2
2026-06-17 18:40:00,20.6,50.4
2026-06-17 18:41:00,20.3,50.1
2026-06-17 18:42:00,20.5,50.2
2026-06-17 18:43:00,20.6,50.3
2026-06-17 18:44:00,20.6,50.2
2026-06-17 18:45:00,20.5,50.5
2026-06-17 18:46:00,20.6,50.3
2026-06-17 18:47:00,20.5,50.4
2026-06-17 18:48:00,20.3,50.2
2026-06-17 18:49:00,20.6,50.5
2026-06-17 18:50:00,20.6,50.3
2026-06-17 18:51:00,20.5,50.4
2026-06-17 18:52:00,20.6,50.4
2026-06-17 18:53:00,20.6,50.2
2026-06-17 18:54:00,20.5,50.3
2026-06-17 18:55:00,20.6,50.4
2026-06-17 18:56:00,20.6,50.2
2026-06-17 18:57:00,20.6,50.3
2026-06-17 18:58:00,20.6,50.2
2026-06-17 18:59:00,20.6,50.4
2026-06-17 19:00:00,20.6,50.3
2026-06-17 19:01:00,20.7,50.3
2026-06-17 19:02:00,20.6,50.3
2026-06-17 19:03:00,20.6,50.3
2026-06-17 19:04:00,20.6,50.2
2026-06-17 19:05:00,20.5,50.4
2026-06-17 19:06:00,20.6,50.3
2026-06-17 19:07:00,20.6,50.4
2026-06-17 19:08:00,20.7,50.3
2026-06-17 19:09:00,20.5,50.5
2026-06-17 19:10:00,20.6,50.4
2026-06-17 19:11:00,20.6,50.4
2026-06-17 19:12:00,20.6,50.4
2026-06-17 19:13:00,20.6,50.4
2026-06-17 19:14:00,20.5,50.4
2026-06-17 19:15:00,20.5,50.4
2026-06-17 19:16:00,20.6,50.4
2026-06-17 19:17:00,20.5,50.5
2026-06-17 19:18:00,20.6,50.6
2026-06-17 19:19:00,20.3,50.3
2026-06-17 19:20:00,20.3,50.5
2026-06-17 19:21:00,20.6,50.6
2026-06-17 19:22:00,20.5,50.5
2026-06-17 19:23:00,20.4,50.3
2026-06-17 19:24:00,20.5,50.6
2026-06-17 19:25:00,20.5,50.4
2026-06-17 19:26:00,20.3,50.5
2026-06-17 19:27:00,20.5,50.5
2026-06-17 19:28:00,20.6,50.6
2026-06-17 19:29:00,20.3,50.3
2026-06-17 19:30:00,20.5,50.5
2026-06-17 19:31:00,20.3,50.6
2026-06-17 19:32:00,20.4,50.4
2026-06-17 19:33:00,20.4,50.7
2026-06-17 19:34:00,20.3,50.6
2026-06-17 19:35:00,20.3,50.5
2026-06-17 19:36:00,20.2,50.5
2026-06-17 19:37:00,20.3,50.6
2026-06-17 19:38:00,20.3,50.5
2026-06-17 19:39:00,20.2,50.6
2026-06-17 19:40:00,20.2,50.5
2026-06-17 19:41:00,20.2,50.5
2026-06-17 19:42:00,20.3,50.4
2026-06-17 19:43:00,20.2,50.6
2026-06-17 19:44:00,20.2,50.6
2026-06-17 19:45:00,20.3,50.5
2026-06-17 19:46:00,20.3,50.6
2026-06-17 19:47:00,20.1,50.5
2026-06-17 19:48:00,20.1,50.7
2026-06-17 19:49:00,20,50.6
2026-06-17 19:50:00,20,50.6
2026-06-17 19:51:00,20.1,50.7
2026-06-17 19:52:00,20.2,50.6
2026-06-17 19:53:00,20.1,50.6
2026-06-17 19:54:00,20.2,50.6
2026-06-17 19:55:00,20,50.6
2026-06-17 19:56:00,20,50.6
2026-06-17 19:57:00,20.1,50.6
2026-06-17 19:58:00,20,50.7
2026-06-17 19:59:00,20.1,50.7
2026-06-17 20:00:00,20,50.7
2026-06-17 20:01:00,20,50.8
2026-06-17 20:02:00,19.8,50.7
2026-06-17 20:03:00,19.9,50.6
2026-06-17 20:04:00,19.9,50.6
2026-06-17 20:05:00,19.9,50.7
2026-06-17 20:06:00,19.9,50.6
2026-06-17 20:07:00,20,50.9
2026-06-17 20:08:00,19.9,50.6
2026-06-17 20:09:00,20,50.8
2026-06-17 20:10:00,19.9,50.7
2026-06-17 20:11:00,19.9,50.7
2026-06-17 20:12:00,20,51
2026-06-17 20:13:00,19.8,50.9
2026-06-17 20:14:00,19.9,50.9
2026-06-17 20:15:00,19.8,50.7
2026-06-17 20:16:00,19.9,50.9
2026-06-17 20:17:00,19.7,50.7
2026-06-17 20:18:00,19.8,50.8
2026-06-17 20:19:00,19.9,50.8
2026-06-17 20:20:00,19.9,50.9
2026-06-17 20:21:00,19.9,50.7
2026-06-17 20:22:00,19.7,50.7
2026-06-17 20:23:00,19.9,51
2026-06-17 20:24:00,19.6,50.8
2026-06-17 20:25:00,19.9,50.9
2026-06-17 20:26:00,19.9,51
2026-06-17 20:27:00,19.7,50.8
2026-06-17 20:28:00,19.7,50.9
2026-06-17 20:29:00,19.6,50.9
2026-06-17 20:30:00,19.9,50.9
2026-06-17 20:31:00,19.6,50.9
2026-06-17 20:32:00,19.7,50.9
2026-06-17 20:33:00,19.7,51
2026-06-17 20:34:00,19.6,51
2026-06-17 20:35:00,19.7,50.9
2026-06-17 20:36:00,19.6,50.8
2026-06-17 20:37:00,19.6,50.9
2026-06-17 20:38:00,19.6,50.9
2026-06-17 20:39:00,19.7,50.9
2026-06-17 20:40:00,19.5,51.1
2026-06-17 20:41:00,19.7,50.9
2026-06-17 20:42:00,19.5,50.8
2026-06-17 20:43:00,19.6,50.9
2026-06-17 20:44:00,19.7,50.9
2026-06-17 20:45:00,19.6,50.9
2026-06-17 20:46:00,19.7,50.9
2026-06-17 20:47:00,19.6,51
2026-06-17 20:48:00,19.6,50.9
2026-06-17 20:49:00,19.6,50.9
2026-06-17 20:50:00,19.6,51
2026-06-17 20:51:00,19.6,51
2026-06-17 20:52:00,19.7,50.9
2026-06-17 20:53:00,19.6,50.8
2026-06-17 20:54:00,19.5,51
2026-06-17 20:55:00,19.6,51
2026-06-17 20:56:00,19.6,50.9
2026-06-17 20:57:00,19.7,50.8
2026-06-17 20:58:00,19.7,51
2026-06-17 20:59:00,19.6,51
2026-06-17 21:00:00,19.5,50.9
2026-06-17 21:01:00,19.6,50.9
2026-06-17 21:02:00,19.5,51
2026-06-17 21:03:00,19.6,51.1
2026-06-17 21:04:00,19.7,51.2
2026-06-17 21:05:00,19.7,51.1
2026-06-17 21:06:00,19.5,50.9
2026-06-17 21:07:00,19.6,51.1
2026-06-17 21:08:00,19.7,51
2026-06-17 21:09:00,19.7,50.9
2026-06-17 21:10:00,19.6,50.8
2026-06-17 21:11:00,19.7,50.9
2026-06-17 21:12:00,19.7,51
2026-06-17 21:13:00,19.9,51
2026-06-17 21:14:00,19.7,51
2026-06-17 21:15:00,19.7,50.9
2026-06-17 21:16:00,19.6,50.8
2026-06-17 21:17:00,19.7,50.9
2026-06-17 21:18:00,19.7,51.1
2026-06-17 21:19:00,19.7,50.9
2026-06-17 21:20:00,19.5,50.9
2026-06-17 21:21:00,19.7,51
2026-06-17 21:22:00,19.6,51.1
2026-06-17 21:23:00,19.6,51
2026-06-17 21:24:00,19.5,50.9
2026-06-17 21:25:00,19.6,51.1
2026-06-17 21:26:00,19.6,51
2026-06-17 21:27:00,19.5,50.9
2026-06-17 21:28:00,19.5,51
2026-06-17 21:29:00,19.5,51.1
2026-06-17 21:30:00,19.6,51.2
2026-06-17 21:31:00,19.6,51.1
2026-06-17 21:32:00,19.5,51.1
2026-06-17 21:33:00,19.5,51
2026-06-17 21:34:00,19.6,51
2026-06-17 21:35:00,19.6,51.1
2026-06-17 21:36:00,19.5,51
2026-06-17 21:37:00,19.5,51.1
2026-06-17 21:38:00,19.5,51
2026-06-17 21:39:00,19.5,50.9
2026-06-17 21:40:00,19.5,50.9
2026-06-17 21:41:00,19.5,51
2026-06-17 21:42:00,19.3,51
2026-06-17 21:43:00,19.3,51
2026-06-17 21:44:00,19.5,51.1
2026-06-17 21:45:00,19.3,51.1
2026-06-17 21:46:00,19.5,51.1
2026-06-17 21:47:00,19.3,51
2026-06-17 21:48:00,19.3,51.1
2026-06-17 21:49:00,19.3,51.2
2026-06-17 21:50:00,19.4,51.1
2026-06-17 21:51:00,19.4,51.3
2026-06-17 21:52:00,19.3,51.3
2026-06-17 21:53:00,19.3,51.1
2026-06-17 21:54:00,19.2,51.2
2026-06-17 21:55:00,19.3,51.1
2026-06-17 21:56:00,19.2,51.2
2026-06-17 21:57:00,19.2,51.2
2026-06-17 21:58:00,19.3,51.3
2026-06-17 21:59:00,19.3,51.1
2026-06-17 22:00:00,19.3,51.1
2026-06-17 22:01:00,19.3,51.3
2026-06-17 22:02:00,19.3,51.2
2026-06-17 22:03:00,19.2,51.3
2026-06-17 22:04:00,19.1,51.2
2026-06-17 22:05:00,19.2,51.2
2026-06-17 22:06:00,19.1,51.3
2026-06-17 22:07:00,19.2,51.3
2026-06-17 22:08:00,19.2,51.3
2026-06-17 22:09:00,19.2,51.3
2026-06-17 22:10:00,19.1,51.3
2026-06-17 22:11:00,19.2,51.3
2026-06-17 22:12:00,19.1,51.4
2026-06-17 22:13:00,19.1,51.2
2026-06-17 22:14:00,19.1,51.3
2026-06-17 22:15:00,19.1,51.4
2026-06-17 22:16:00,19.1,51.4
2026-06-17 22:17:00,19.1,51.5
2026-06-17 22:18:00,19.1,51.4
2026-06-17 22:19:00,19.1,51.5
2026-06-17 22:20:00,18.9,51.4
2026-06-17 22:21:00,18.9,51.5
2026-06-17 22:22:00,19,51.5
2026-06-17 22:23:00,19,51.4
2026-06-17 22:24:00,19.1,51.6
2026-06-17 22:25:00,19,51.4
2026-06-17 22:26:00,19,51.6
2026-06-17 22:27:00,19.1,51.6
2026-06-17 22:28:00,19,51.4
2026-06-17 22:29:00,18.8,51.5
2026-06-17 22:30:00,19.1,51.6
2026-06-17 22:31:00,19.1,51.5
2026-06-17 22:32:00,19.1,51.7
2026-06-17 22:33:00,19,51.6
2026-06-17 22:34:00,18.9,51.6
2026-06-17 22:35:00,18.7,51.6
2026-06-17 22:36:00,19,51.6
2026-06-17 22:37:00,18.8,51.6
2026-06-17 22:38:00,18.9,51.5
2026-06-17 22:39:00,19,51.6
2026-06-17 22:40:00,19,51.6
2026-06-17 22:41:00,18.8,51.6
2026-06-17 22:42:00,18.8,51.6
2026-06-17 22:43:00,18.8,51.5
2026-06-17 22:44:00,18.9,51.6
2026-06-17 22:45:00,18.8,51.5
2026-06-17 22:46:00,18.8,51.5
2026-06-17 22:47:00,18.9,51.5
2026-06-17 22:48:00,18.8,51.7
2026-06-17 22:49:00,18.8,51.6
2026-06-17 22:50:00,18.9,51.6
2026-06-17 22:51:00,18.8,51.7
2026-06-17 22:52:00,18.8,51.7
2026-06-17 22:53:00,18.8,51.7
2026-06-17 22:54:00,18.8,51.7
2026-06-17 22:55:00,18.8,51.6
2026-06-17 22:56:00,18.9,51.8
2026-06-17 22:57:00,18.6,51.6
2026-06-17 22:58:00,18.8,51.7
2026-06-17 22:59:00,18.8,51.7
2026-06-17 23:00:00,18.6,51.6
2026-06-17 23:01:00,18.7,51.8
2026-06-17 23:02:00,18.8,51.8
2026-06-17 23:03:00,18.6,51.7
2026-06-17 23:04:00,18.9,51.9
2026-06-17 23:05:00,18.6,51.8
2026-06-17 23:06:00,18.8,51.9
2026-06-17 23:07:00,18.6,51.8
2026-06-17 23:08:00,18.6,51.9
2026-06-17 23:09:00,18.6,51.8
2026-06-17 23:10:00,18.7,52
2026-06-17 23:11:00,18.7,51.7
2026-06-17 23:12:00,18.6,51.9
2026-06-17 23:13:00,18.7,51.9
2026-06-17 23:14:00,18.6,52
2026-06-17 23:15:00,18.6,51.9
2026-06-17 23:16:00,18.6,51.8
2026-06-17 23:17:00,18.7,52
2026-06-17 23:18:00,18.6,51.8
2026-06-17 23:19:00,18.7,51.8
2026-06-17 23:20:00,18.7,51.9
2026-06-17 23:21:00,18.6,51.8
2026-06-17 23:22:00,18.8,51.9
2026-06-17 23:23:00,18.6,52
2026-06-17 23:24:00,18.6,52
2026-06-17 23:25:00,18.6,52
2026-06-17 23:26:00,18.6,51.9
2026-06-17 23:27:00,18.6,51.9
2026-06-17 23:28:00,18.6,52
2026-06-17 23:29:00,18.6,51.9
2026-06-17 23:30:00,18.7,52
2026-06-17 23:31:00,18.6,52.1
2026-06-17 23:32:00,18.7,52.1
2026-06-17 23:33:00,18.6,52
2026-06-17 23:34:00,18.6,52.1
2026-06-17 23:35:00,18.6,52.2
2026-06-17 23:36:00,18.5,52.1
2026-06-17 23:37:00,18.5,52.1
2026-06-17 23:38:00,18.6,52.2
2026-06-17 23:39:00,18.6,52.2
2026-06-17 23:40:00,18.6,52.3
2026-06-17 23:41:00,18.6,52.2
2026-06-17 23:42:00,18.6,52.1
2026-06-17 23:43:00,18.6,52
2026-06-17 23:44:00,18.6,52.3
2026-06-17 23:45:00,18.6,52.2
2026-06-17 23:46:00,18.6,52.3
2026-06-17 23:47:00,18.6,52.2
2026-06-17 23:48:00,18.6,52.3
2026-06-17 23:49:00,18.6,52.1
2026-06-17 23:50:00,18.6,52.2
2026-06-17 23:51:00,18.5,52.1
2026-06-17 23:52:00,18.6,52.2
2026-06-17 23:53:00,18.5,52.3
2026-06-17 23:54:00,18.5,52.1
2026-06-17 23:55:00,18.6,52.2
2026-06-17 23:56:00,18.6,52.2
2026-06-17 23:57:00,18.6,52.2
2026-06-17 23:58:00,18.6,52.2
2026-06-17 23:59:00,18.6,52.2
2026-06-18 00:00:00,18.6,52
2026-06-18 00:01:00,18.6,52.2
2026-06-18 00:02:00,18.7,52.2
2026-06-18 00:03:00,18.6,52
2026-06-18 00:04:00,18.6,52.2
2026-06-18 00:05:00,18.6,52.2
2026-06-18 00:06:00,18.6,52.3
2026-06-18 00:07:00,18.5,52.1
2026-06-18 00:08:00,18.6,52.2
2026-06-18 00:09:00,18.7,52.2
2026-06-18 00:10:00,18.7,52
2026-06-18 00:11:00,18.6,52.1
2026-06-18 00:12:00,18.6,52.1
2026-06-18 00:13:00,18.6,52.1
2026-06-18 00:14:00,18.7,52.2
2026-06-18 00:15:00,18.8,52
2026-06-18 00:16:00,18.7,52.1
2026-06-18 00:17:00,18.6,52.1
2026-06-18 00:18:00,18.7,52.2
2026-06-18 00:19:00,18.6,52.2
2026-06-18 00:20:00,18.8,52.2
2026-06-18 00:21:00,18.6,52.2
2026-06-18 00:22:00,18.7,52.2
2026-06-18 00:23:00,18.7,52.2
2026-06-18 00:24:00,18.7,52.1
2026-06-18 00:25:00,18.8,52.1
2026-06-18 00:26:00,18.8,52.2
2026-06-18 00:27:00,18.8,52.1
2026-06-18 00:28:00,18.8,52.1
2026-06-18 00:29:00,18.8,52.1
2026-06-18 00:30:00,18.8,52.1
2026-06-18 00:31:00,18.9,52.1
2026-06-18 00:32:00,18.9,52
2026-06-18 00:33:00,18.8,52
2026-06-18 00:34:00,18.9,52
2026-06-18 00:35:00,18.8,51.8
2026-06-18 00:36:00,19.1,52
2026-06-18 00:37:00,19,51.7
2026-06-18 00:38:00,18.9,51.8
2026-06-18 00:39:00,18.9,51.7
2026-06-18 00:40:00,19,51.7
2026-06-18 00:41:00,19.1,51.6
2026-06-18 00:42:00,19,51.7
2026-06-18 00:43:00,18.8,51.6
2026-06-18 00:44:00,19.1,51.6
2026-06-18 00:45:00,19,51.4
2026-06-18 00:46:00,19.1,51.4
2026-06-18 00:47:00,19,51.1
2026-06-18 00:48:00,19.1,51
2026-06-18 00:49:00,19,51.2
2026-06-18 00:50:00,19.1,51.1
2026-06-18 00:51:00,19,51.2
2026-06-18 00:52:00,19.1,51.1
2026-06-18 00:53:00,19.2,51.1
2026-06-18 00:54:00,19.2,51.2
2026-06-18 00:55:00,19.1,51.4
2026-06-18 00:56:00,19.1,51.5
2026-06-18 00:57:00,19,51.6
2026-06-18 00:58:00,19.1,51.5
2026-06-18 00:59:00,19,51.5
2026-06-18 01:00:00,19.1,51.8
2026-06-18 01:01:00,19.1,51.7
2026-06-18 01:02:00,19.2,51.9
2026-06-18 01:03:00,19,51.7
2026-06-18 01:04:00,19.1,51.7
2026-06-18 01:05:00,19.1,52
2026-06-18 01:06:00,19.2,51.8
2026-06-18 01:07:00,19.2,51.9
2026-06-18 01:08:00,19.1,51.7
2026-06-18 01:09:00,19.1,51.7
2026-06-18 01:10:00,19,51.7
2026-06-18 01:11:00,19.1,51.7
2026-06-18 01:12:00,19.1,51.8
2026-06-18 01:13:00,19.1,52
2026-06-18 01:14:00,19,52
2026-06-18 01:15:00,19.1,52.1
2026-06-18 01:16:00,19.2,52
2026-06-18 01:17:00,19.2,51.9
2026-06-18 01:18:00,19.2,52.1
2026-06-18 01:19:00,18.8,51.8
2026-06-18 01:20:00,19,52
2026-06-18 01:21:00,19.1,51.7
2026-06-18 01:22:00,18.9,51.7
2026-06-18 01:23:00,19.1,51.7
2026-06-18 01:24:00,19.1,51.8
2026-06-18 01:25:00,19,51.6
2026-06-18 01:26:00,19.1,51.6
2026-06-18 01:27:00,19.2,51.7
2026-06-18 01:28:00,19.1,51.9
2026-06-18 01:29:00,19.1,51.8
2026-06-18 01:30:00,19.1,51.8
2026-06-18 01:31:00,19.1,51.7
2026-06-18 01:32:00,19.1,51.7
2026-06-18 01:33:00,19.1,51.7
2026-06-18 01:34:00,19.1,51.8
2026-06-18 01:35:00,19.1,51.8
2026-06-18 01:36:00,19.2,51.7
2026-06-18 01:37:00,19.1,51.7
2026-06-18 01:38:00,19.1,51.7
2026-06-18 01:39:00,19.1,51.9
2026-06-18 01:40:00,19.1,51.7
2026-06-18 01:41:00,19.1,51.7
2026-06-18 01:42:00,19.2,51.8
2026-06-18 01:43:00,19.1,51.7
2026-06-18 01:44:00,19.2,51.7
2026-06-18 01:45:00,19.1,51.6
2026-06-18 01:46:00,19,51.5
2026-06-18 01:47:00,19.2,51.7
2026-06-18 01:48:00,19.1,51.7
2026-06-18 01:49:00,19,51.6
2026-06-18 01:50:00,19.2,51.6
2026-06-18 01:51:00,19,51.6
2026-06-18 01:52:00,19.1,51.6
2026-06-18 01:53:00,19.2,51.5
2026-06-18 01:54:00,19,51.5
2026-06-18 01:55:00,19,51.5
2026-06-18 01:56:00,19.2,51.6
2026-06-18 01:57:00,19.2,51.6
2026-06-18 01:58:00,19.1,51.6
2026-06-18 01:59:00,19.1,51.6
2026-06-18 02:00:00,19.2,51.6
2026-06-18 02:01:00,19.2,51.6
2026-06-18 02:02:00,19.1,51.5
2026-06-18 02:03:00,19,51.4
2026-06-18 02:04:00,19,51.6
2026-06-18 02:05:00,19.1,51.6
2026-06-18 02:06:00,19.1,51.8
2026-06-18 02:07:00,19,51.5
2026-06-18 02:08:00,19.1,51.7
2026-06-18 02:09:00,19.1,51.6
2026-06-18 02:10:00,18.9,51.5
2026-06-18 02:11:00,19.1,51.7
2026-06-18 02:12:00,19.1,51.4
2026-06-18 02:13:00,19.1,51.5
2026-06-18 02:14:00,19.1,51.5
2026-06-18 02:15:00,19.1,51.5
2026-06-18 02:16:00,19.1,51.6
2026-06-18 02:17:00,19.1,51.6
2026-06-18 02:18:00,19.1,51.4
2026-06-18 02:19:00,19,51.4
2026-06-18 02:20:00,19.1,51.5
2026-06-18 02:21:00,19.2,51.6
2026-06-18 02:22:00,19.1,51.6
2026-06-18 02:23:00,19.1,51.5
2026-06-18 02:24:00,19.1,51.7
2026-06-18 02:25:00,19,51.5
2026-06-18 02:26:00,19.1,51.5
2026-06-18 02:27:00,19.1,51.4
2026-06-18 02:28:00,19.1,51.5
2026-06-18 02:29:00,19,51.5
2026-06-18 02:30:00,19.1,51.4
2026-06-18 02:31:00,19.1,51.5
2026-06-18 02:32:00,19.1,51.4
2026-06-18 02:33:00,19.1,51.5
2026-06-18 02:34:00,19.1,51.5
2026-06-18 02:35:00,19.1,51.6
2026-06-18 02:36:00,19.1,51.6
2026-06-18 02:37:00,19.1,51.5
2026-06-18 02:38:00,19.1,51.6
2026-06-18 02:39:00,19,51.6
2026-06-18 02:40:00,19,51.6
2026-06-18 02:41:00,19,51.5
2026-06-18 02:42:00,19.1,51.6
2026-06-18 02:43:00,19,51.5
2026-06-18 02:44:00,19.1,51.4
2026-06-18 02:45:00,19.1,51.5
2026-06-18 02:46:00,19,51.5
2026-06-18 02:47:00,19,51.6
2026-06-18 02:48:00,19.1,51.5
2026-06-18 02:49:00,19.1,51.4
2026-06-18 02:50:00,19.1,51.5
2026-06-18 02:51:00,19,51.4
2026-06-18 02:52:00,19,51.5
2026-06-18 02:53:00,19.1,51.4
2026-06-18 02:54:00,19,51.4
2026-06-18 02:55:00,19.1,51.5
2026-06-18 02:56:00,19.1,51.4
2026-06-18 02:57:00,19.1,51.5
2026-06-18 02:58:00,19.1,51.4
2026-06-18 02:59:00,19.1,51.4
2026-06-18 03:00:00,19.1,51.3
2026-06-18 03:01:00,19.1,51.5
2026-06-18 03:02:00,19,51.5
2026-06-18 03:03:00,19.1,51.3
2026-06-18 03:04:00,19.1,51.4
2026-06-18 03:05:00,18.9,51.4
2026-06-18 03:06:00,19,51.4
2026-06-18 03:07:00,19.1,51.3
2026-06-18 03:08:00,19.1,51.3
2026-06-18 03:09:00,19.1,51.4
2026-06-18 03:10:00,19,51.4
2026-06-18 03:11:00,19.1,51.5
2026-06-18 03:12:00,19,51.3
2026-06-18 03:13:00,19.1,51.3
2026-06-18 03:14:00,18.9,51.4
2026-06-18 03:15:00,19.1,51.4
2026-06-18 03:16:00,19,51.5
2026-06-18 03:17:00,18.9,51.5
2026-06-18 03:18:00,18.9,51.6
2026-06-18 03:19:00,18.8,51.5
2026-06-18 03:20:00,18.8,51.5
2026-06-18 03:21:00,19.1,51.6
2026-06-18 03:22:00,19,51.4
2026-06-18 03:23:00,19.1,51.5
2026-06-18 03:24:00,19,51.4
2026-06-18 03:25:00,18.8,51.4
2026-06-18 03:26:00,18.8,51.4
2026-06-18 03:27:00,19,51.5
2026-06-18 03:28:00,18.7,51.4
2026-06-18 03:29:00,18.9,51.4
2026-06-18 03:30:00,18.8,51.5
2026-06-18 03:31:00,18.6,51.5
2026-06-18 03:32:00,18.8,51.4
2026-06-18 03:33:00,18.7,51.3
2026-06-18 03:34:00,18.8,51.5
2026-06-18 03:35:00,18.8,51.4
2026-06-18 03:36:00,18.7,51.3
2026-06-18 03:37:00,18.8,51.5
2026-06-18 03:38:00,19.1,51.5
2026-06-18 03:39:00,18.8,51.3
2026-06-18 03:40:00,18.8,51.4
2026-06-18 03:41:00,19,51.6
2026-06-18 03:42:00,18.8,51.4
2026-06-18 03:43:00,19,51.5
2026-06-18 03:44:00,18.8,51.4
2026-06-18 03:45:00,18.8,51.4
2026-06-18 03:46:00,19,51.5
2026-06-18 03:47:00,18.6,51.3
2026-06-18 03:48:00,18.8,51.3
2026-06-18 03:49:00,18.9,51.4
2026-06-18 03:50:00,18.7,51.3
2026-06-18 03:51:00,18.8,51.3
2026-06-18 03:52:00,18.8,51.3
2026-06-18 03:53:00,18.9,51.4
2026-06-18 03:54:00,18.9,51.2
2026-06-18 03:55:00,19,51.3
2026-06-18 03:56:00,18.9,51.3
2026-06-18 03:57:00,18.9,51.3
2026-06-18 03:58:00,18.8,51.3
2026-06-18 03:59:00,18.9,51.3
2026-06-18 04:00:00,18.8,51.3
2026-06-18 04:01:00,19,51.3
2026-06-18 04:02:00,18.7,51.3
2026-06-18 04:03:00,18.8,51.1
2026-06-18 04:04:00,18.8,51.2
2026-06-18 04:05:00,18.8,51.2
2026-06-18 04:06:00,18.9,51.1
2026-06-18 04:07:00,18.8,51.2
2026-06-18 04:08:00,18.8,51.2
2026-06-18 04:09:00,18.8,51.4
2026-06-18 04:10:00,18.9,51.3
2026-06-18 04:11:00,18.8,51.3
2026-06-18 04:12:00,18.7,51.3
2026-06-18 04:13:00,18.8,51.1
2026-06-18 04:14:00,18.8,51.1
2026-06-18 04:15:00,18.9,51.1
2026-06-18 04:16:00,19,51.1
2026-06-18 04:17:00,18.8,51.2
2026-06-18 04:18:00,18.8,51.2
2026-06-18 04:19:00,18.9,51.3
2026-06-18 04:20:00,19,51.4
2026-06-18 04:21:00,18.8,51.1
2026-06-18 04:22:00,18.9,51.2
2026-06-18 04:23:00,18.9,51.2
2026-06-18 04:24:00,18.8,51.3
2026-06-18 04:25:00,18.8,51.2
2026-06-18 04:26:00,19,51.2
2026-06-18 04:27:00,19,51.2
2026-06-18 04:28:00,18.9,51.3
2026-06-18 04:29:00,19,51.2
2026-06-18 04:30:00,18.8,51.2
2026-06-18 04:31:00,18.7,51.2
2026-06-18 04:32:00,18.9,51.4
2026-06-18 04:33:00,19.1,51.4
2026-06-18 04:34:00,19.1,51.3
2026-06-18 04:35:00,19,51.2
2026-06-18 04:36:00,18.9,51.3
2026-06-18 04:37:00,19,51.3
2026-06-18 04:38:00,19,51.1
2026-06-18 04:39:00,18.9,51.2
2026-06-18 04:40:00,19,51.4
2026-06-18 04:41:00,18.9,51.3
2026-06-18 04:42:00,18.8,51.1
2026-06-18 04:43:00,18.9,51
2026-06-18 04:44:00,18.7,51.2
2026-06-18 04:45:00,19,51.1
2026-06-18 04:46:00,18.8,51.2
2026-06-18 04:47:00,18.8,51
2026-06-18 04:48:00,19,51.2
2026-06-18 04:49:00,18.8,51.2
2026-06-18 04:50:00,18.8,51.2
2026-06-18 04:51:00,18.9,51.3
2026-06-18 04:52:00,19.1,51.2
2026-06-18 04:53:00,18.8,51.3
2026-06-18 04:54:00,18.8,51.3
2026-06-18 04:55:00,18.9,51.2
2026-06-18 04:56:00,18.8,51.2
2026-06-18 04:57:00,18.8,51.2
2026-06-18 04:58:00,18.8,51.2
2026-06-18 04:59:00,18.8,51.2
2026-06-18 05:00:00,18.8,51.1
2026-06-18 05:01:00,18.8,51.2
2026-06-18 05:02:00,18.9,51.2
2026-06-18 05:03:00,19,51.1
2026-06-18 05:04:00,19.1,51.1
2026-06-18 05:05:00,18.8,51.1
2026-06-18 05:06:00,18.8,51.1
2026-06-18 05:07:00,18.8,51
2026-06-18 05:08:00,19,51
2026-06-18 05:09:00,18.7,51
2026-06-18 05:10:00,18.9,51.2
2026-06-18 05:11:00,18.9,51.1
2026-06-18 05:12:00,19,51.2
2026-06-18 05:13:00,19,51.1
2026-06-18 05:14:00,18.8,51
2026-06-18 05:15:00,19.1,51
2026-06-18 05:16:00,18.9,51.2
2026-06-18 05:17:00,19.1,51
2026-06-18 05:18:00,18.9,51.1
2026-06-18 05:19:00,19.1,51
2026-06-18 05:20:00,18.9,51
2026-06-18 05:21:00,19,51.1
2026-06-18 05:22:00,19,51.2
2026-06-18 05:23:00,19.1,51.1
2026-06-18 05:24:00,19,51.1
2026-06-18 05:25:00,18.9,51.2
2026-06-18 05:26:00,18.9,51.2
2026-06-18 05:27:00,19,51
2026-06-18 05:28:00,19,51.2
2026-06-18 05:29:00,18.9,51.1
2026-06-18 05:30:00,18.9,51
2026-06-18 05:31:00,19,51.2
2026-06-18 05:32:00,18.8,51
2026-06-18 05:33:00,19,51.1
2026-06-18 05:34:00,19,51
2026-06-18 05:35:00,18.8,51
2026-06-18 05:36:00,19,51.1
2026-06-18 05:37:00,18.9,50.9
2026-06-18 05:38:00,19.1,51
2026-06-18 05:39:00,18.9,51
2026-06-18 05:40:00,18.8,51
2026-06-18 05:41:00,18.8,51.2
2026-06-18 05:42:00,18.8,51.1
2026-06-18 05:43:00,18.8,51.1
2026-06-18 05:44:00,18.8,51.1
2026-06-18 05:45:00,18.9,50.9
2026-06-18 05:46:00,19,51.2
2026-06-18 05:47:00,18.9,51
2026-06-18 05:48:00,18.8,51.1
2026-06-18 05:49:00,19,51.1
2026-06-18 05:50:00,18.9,51.2
2026-06-18 05:51:00,18.8,51.2
2026-06-18 05:52:00,18.6,51.1
2026-06-18 05:53:00,18.8,51.3
2026-06-18 05:54:00,18.8,51.2
2026-06-18 05:55:00,18.7,51.2
2026-06-18 05:56:00,18.8,51.2
2026-06-18 05:57:00,18.6,51.1
2026-06-18 05:58:00,18.8,51
2026-06-18 05:59:00,18.8,51
2026-06-18 06:00:00,18.6,51.1
2026-06-18 06:01:00,18.6,51
2026-06-18 06:02:00,18.7,51.1
2026-06-18 06:03:00,18.6,51
2026-06-18 06:04:00,18.6,51.1
2026-06-18 06:05:00,18.9,51.2
2026-06-18 06:06:00,18.7,51
2026-06-18 06:07:00,18.7,51.2
2026-06-18 06:08:00,18.7,51
2026-06-18 06:09:00,18.7,51.1
2026-06-18 06:10:00,18.7,51
2026-06-18 06:11:00,18.7,51.2
2026-06-18 06:12:00,18.8,51.1
2026-06-18 06:13:00,18.6,51.3
2026-06-18 06:14:00,18.6,51
2026-06-18 06:15:00,18.6,50.9
2026-06-18 06:16:00,18.7,51.2
2026-06-18 06:17:00,18.8,51
2026-06-18 06:18:00,18.7,50.9
2026-06-18 06:19:00,18.7,50.9
2026-06-18 06:20:00,18.8,50.9
2026-06-18 06:21:00,18.7,50.8
2026-06-18 06:22:00,18.6,51.1
2026-06-18 06:23:00,18.7,51
2026-06-18 06:24:00,18.8,51.1
2026-06-18 06:25:00,18.7,51
2026-06-18 06:26:00,18.7,51
2026-06-18 06:27:00,18.8,51.1
2026-06-18 06:28:00,18.7,51.1
2026-06-18 06:29:00,18.7,50.9
2026-06-18 06:30:00,18.7,51
2026-06-18 06:31:00,18.8,51
2026-06-18 06:32:00,18.6,50.9
2026-06-18 06:33:00,18.8,50.9
2026-06-18 06:34:00,18.8,50.9
2026-06-18 06:35:00,18.7,51
2026-06-18 06:36:00,18.8,50.9
2026-06-18 06:37:00,18.6,50.9
2026-06-18 06:38:00,18.7,50.9
2026-06-18 06:39:00,18.7,50.8
2026-06-18 06:40:00,18.8,51
2026-06-18 06:41:00,18.6,50.9
2026-06-18 06:42:00,18.7,51
2026-06-18 06:43:00,18.7,51.1
2026-06-18 06:44:00,18.7,51.1
2026-06-18 06:45:00,18.7,50.8
2026-06-18 06:46:00,18.6,50.8
2026-06-18 06:47:00,18.8,50.9
2026-06-18 06:48:00,18.6,50.8
2026-06-18 06:49:00,18.7,51
2026-06-18 06:50:00,18.8,50.8
2026-06-18 06:51:00,18.8,50.9
2026-06-18 06:52:00,18.7,50.9
2026-06-18 06:53:00,18.7,51
2026-06-18 06:54:00,18.7,50.9
2026-06-18 06:55:00,18.8,50.7
2026-06-18 06:56:00,18.7,50.8
2026-06-18 06:57:00,18.7,50.7
2026-06-18 06:58:00,18.8,50.8
2026-06-18 06:59:00,18.8,51
2026-06-18 07:00:00,18.8,51
2026-06-18 07:01:00,18.7,50.9
2026-06-18 07:02:00,18.7,51.2
2026-06-18 07:03:00,18.8,50.9
2026-06-18 07:04:00,18.8,51
2026-06-18 07:05:00,18.7,51
2026-06-18 07:06:00,18.8,51.1
2026-06-18 07:07:00,18.6,50.8
2026-06-18 07:08:00,18.8,50.9
2026-06-18 07:09:00,18.7,50.9
2026-06-18 07:10:00,18.8,50.9
2026-06-18 07:11:00,18.7,50.9
2026-06-18 07:12:00,18.7,50.8
2026-06-18 07:13:00,18.6,50.9
2026-06-18 07:14:00,18.7,50.9
2026-06-18 07:15:00,18.7,51
2026-06-18 07:16:00,18.6,51
2026-06-18 07:17:00,18.8,50.8
2026-06-18 07:18:00,18.7,50.8
2026-06-18 07:19:00,18.7,50.9
2026-06-18 07:20:00,19,50.8
2026-06-18 07:21:00,18.7,50.9
2026-06-18 07:22:00,18.8,50.9
2026-06-18 07:23:00,18.7,50.8
2026-06-18 07:24:00,18.8,50.8
2026-06-18 07:25:00,18.8,50.8
2026-06-18 07:26:00,18.8,50.9
2026-06-18 07:27:00,18.7,50.8
2026-06-18 07:28:00,18.8,50.8
2026-06-18 07:29:00,18.9,50.8
2026-06-18 07:30:00,18.8,50.7
2026-06-18 07:31:00,18.8,50.7
2026-06-18 07:32:00,18.9,50.7
2026-06-18 07:33:00,18.9,50.6
2026-06-18 07:34:00,18.8,50.7
2026-06-18 07:35:00,18.7,50.6
2026-06-18 07:36:00,18.8,50.7
2026-06-18 07:37:00,18.8,50.5
2026-06-18 07:38:00,18.7,50.7
2026-06-18 07:39:00,19,50.7
2026-06-18 07:40:00,18.8,50.7
2026-06-18 07:41:00,18.8,50.8
2026-06-18 07:42:00,18.7,50.6
2026-06-18 07:43:00,19,50.7
2026-06-18 07:44:00,19,50.6
2026-06-18 07:45:00,19.1,50.8
2026-06-18 07:46:00,18.8,50.6
2026-06-18 07:47:00,18.9,50.6
2026-06-18 07:48:00,18.8,50.6
2026-06-18 07:49:00,18.9,50.6
2026-06-18 07:50:00,18.9,50.6
2026-06-18 07:51:00,19,50.8
2026-06-18 07:52:00,19,50.8
2026-06-18 07:53:00,19,50.8
2026-06-18 07:54:00,19,50.7
2026-06-18 07:55:00,19.1,50.7
2026-06-18 07:56:00,18.8,50.7
2026-06-18 07:57:00,19.1,50.7
2026-06-18 07:58:00,18.8,50.7
2026-06-18 07:59:00,18.9,50.6
2026-06-18 08:00:00,18.9,50.6
2026-06-18 08:01:00,18.8,50.6
2026-06-18 08:02:00,18.8,50.7
2026-06-18 08:03:00,19.1,50.6
2026-06-18 08:04:00,19,50.6
2026-06-18 08:05:00,19,50.5
2026-06-18 08:06:00,19.1,50.4
2026-06-18 08:07:00,19.1,50.6
2026-06-18 08:08:00,19.1,50.7
2026-06-18 08:09:00,19,51
2026-06-18 08:10:00,19.1,51.1
2026-06-18 08:11:00,19.1,50.9
2026-06-18 08:12:00,19,50.8
2026-06-18 08:13:00,19,50.7
2026-06-18 08:14:00,19,50.9
2026-06-18 08:15:00,19,50.9
2026-06-18 08:16:00,19,50.8
2026-06-18 08:17:00,18.9,50.8
2026-06-18 08:18:00,19,50.8
2026-06-18 08:19:00,18.8,50.7
2026-06-18 08:20:00,18.9,50.9
2026-06-18 08:21:00,18.8,50.8
2026-06-18 08:22:00,18.9,50.7
2026-06-18 08:23:00,18.8,50.7
2026-06-18 08:24:00,19,50.7
2026-06-18 08:25:00,19,50.9
2026-06-18 08:26:00,19,50.8
2026-06-18 08:27:00,19,50.9
2026-06-18 08:28:00,19.1,50.8
2026-06-18 08:29:00,18.8,50.6
2026-06-18 08:30:00,19,50.7
2026-06-18 08:31:00,18.9,50.7
2026-06-18 08:32:00,18.9,50.7
2026-06-18 08:33:00,18.9,50.8
2026-06-18 08:34:00,19.1,50.9
2026-06-18 08:35:00,19.1,50.8
2026-06-18 08:36:00,19.1,50.8
2026-06-18 08:37:00,19,50.6
2026-06-18 08:38:00,19,50.7
2026-06-18 08:39:00,18.9,50.7
2026-06-18 08:40:00,19.1,50.7
2026-06-18 08:41:00,19.1,50.8
2026-06-18 08:42:00,19.2,50.8
2026-06-18 08:43:00,18.8,50.8
2026-06-18 08:44:00,19,50.7
2026-06-18 08:45:00,19,50.7
2026-06-18 08:46:00,19.1,50.7
2026-06-18 08:47:00,19.1,50.6
2026-06-18 08:48:00,19.1,50.6
2026-06-18 08:49:00,19,50.5
2026-06-18 08:50:00,19,50.6
2026-06-18 08:51:00,19.1,50.6
2026-06-18 08:52:00,19.1,50.5
2026-06-18 08:53:00,19.1,50.5
2026-06-18 08:54:00,19.1,50.5
2026-06-18 08:55:00,19,50.4
2026-06-18 08:56:00,19.1,50.5
2026-06-18 08:57:00,19,50.4
2026-06-18 08:58:00,19.1,50.5
2026-06-18 08:59:00,19.1,50.4
2026-06-18 09:00:00,19.1,50.4
2026-06-18 09:01:00,19,50.6
2026-06-18 09:02:00,19.1,50.8
2026-06-18 09:03:00,19.1,50.6
2026-06-18 09:04:00,19.1,50.6
2026-06-18 09:05:00,19.1,50.8
2026-06-18 09:06:00,19,50.6
2026-06-18 09:07:00,19,50.8
2026-06-18 09:08:00,19.1,50.7
2026-06-18 09:09:00,19.1,50.7
2026-06-18 09:10:00,19.2,50.6
2026-06-18 09:11:00,19.1,50.7
2026-06-18 09:12:00,19.1,50.5
2026-06-18 09:13:00,19.1,50.6
2026-06-18 09:14:00,19.1,50.5
2026-06-18 09:15:00,19.1,50.6
2026-06-18 09:16:00,19,50.6
2026-06-18 09:17:00,19,50.6
2026-06-18 09:18:00,19.1,50.5
2026-06-18 09:19:00,19.1,50.5
2026-06-18 09:20:00,19.2,50.6
2026-06-18 09:21:00,19.1,50.6
2026-06-18 09:22:00,19.2,50.6
2026-06-18 09:23:00,19,50.6
2026-06-18 09:24:00,19.1,50.6
2026-06-18 09:25:00,19.2,50.7
2026-06-18 09:26:00,19.1,50.4
2026-06-18 09:27:00,19.1,50.5
2026-06-18 09:28:00,19,50.3
2026-06-18 09:29:00,19.1,50.4
2026-06-18 09:30:00,19.2,50.3
2026-06-18 09:31:00,19.1,50.3
2026-06-18 09:32:00,19.1,50.3
2026-06-18 09:33:00,19.2,50.4
2026-06-18 09:34:00,19.2,50.3
2026-06-18 09:35:00,19.2,50.3
2026-06-18 09:36:00,19.1,50.4
2026-06-18 09:37:00,19.2,50.3
2026-06-18 09:38:00,19.1,50.3
2026-06-18 09:39:00,19.2,50.5
2026-06-18 09:40:00,19.2,50.3
2026-06-18 09:41:00,19.2,50.2
2026-06-18 09:42:00,19.1,50.1
2026-06-18 09:43:00,19.1,50
2026-06-18 09:44:00,19.2,50
2026-06-18 09:45:00,19.2,50
2026-06-18 09:46:00,19.3,50.1
2026-06-18 09:47:00,19.2,50.1
2026-06-18 09:48:00,19.3,50.1
2026-06-18 09:49:00,19.2,50
2026-06-18 09:50:00,19.2,50
2026-06-18 09:51:00,19.2,50
2026-06-18 09:52:00,19.2,50
2026-06-18 09:53:00,19.3,49.9
2026-06-18 09:54:00,19.2,49.8
2026-06-18 09:55:00,19.3,49.7
2026-06-18 09:56:00,19.4,49.7
2026-06-18 09:57:00,19.3,50.1
2026-06-18 09:58:00,19.4,50.4
2026-06-18 09:59:00,19.2,50.6
2026-06-18 10:00:00,19.3,50.6
2026-06-18 10:01:00,19.3,50.6
2026-06-18 10:02:00,19.3,50.6
2026-06-18 10:03:00,19.3,50.4
2026-06-18 10:04:00,19.2,50.2
2026-06-18 10:05:00,19.3,50.3
2026-06-18 10:06:00,19.3,50.3
2026-06-18 10:07:00,19.2,50.3
2026-06-18 10:08:00,19.4,50.5
2026-06-18 10:09:00,19.1,50.5
2026-06-18 10:10:00,19.3,50.6
2026-06-18 10:11:00,19.3,50.7
2026-06-18 10:12:00,19.3,50.5
2026-06-18 10:13:00,19.3,50.4
2026-06-18 10:14:00,19.3,50.5
2026-06-18 10:15:00,19.2,50.5
2026-06-18 10:16:00,19.2,50.6
2026-06-18 10:17:00,19.3,50.5
2026-06-18 10:18:00,19.2,50.5
2026-06-18 10:19:00,19.3,50.3
2026-06-18 10:20:00,19.3,50.3
2026-06-18 10:21:00,19.3,50.4
2026-06-18 10:22:00,19.3,50.3
2026-06-18 10:23:00,19.3,50.3
2026-06-18 10:24:00,19.2,50.3
2026-06-18 10:25:00,19.3,50.2
2026-06-18 10:26:00,19.3,50.3
2026-06-18 10:27:00,19.5,50.2
2026-06-18 10:28:00,19.3,50.3
2026-06-18 10:29:00,19.3,50.2
2026-06-18 10:30:00,19.3,50.1
2026-06-18 10:31:00,19.2,50.2
2026-06-18 10:32:00,19.3,50
2026-06-18 10:33:00,19.3,50.2
2026-06-18 10:34:00,19.2,50
2026-06-18 10:35:00,19.3,50
2026-06-18 10:36:00,19.3,50.1
2026-06-18 10:37:00,19.3,50.1
2026-06-18 10:38:00,19.5,49.9
2026-06-18 10:39:00,19.3,50
2026-06-18 10:40:00,19.3,49.9
2026-06-18 10:41:00,19.5,49.9
2026-06-18 10:42:00,19.5,49.9
2026-06-18 10:43:00,19.5,49.9
2026-06-18 10:44:00,19.3,49.8
2026-06-18 10:45:00,19.5,49.9
2026-06-18 10:46:00,19.3,49.9
2026-06-18 10:47:00,19.5,49.9
2026-06-18 10:48:00,19.3,49.9
2026-06-18 10:49:00,19.3,49.9
2026-06-18 10:50:00,19.5,49.9
2026-06-18 10:51:00,19.4,49.7
2026-06-18 10:52:00,19.6,49.7
2026-06-18 10:53:00,19.3,49.3
2026-06-18 10:54:00,19.5,49.3
2026-06-18 10:55:00,19.4,49.6
2026-06-18 10:56:00,19.5,50
2026-06-18 10:57:00,19.5,50.2
2026-06-18 10:58:00,19.4,50.1
2026-06-18 10:59:00,19.6,50.2
2026-06-18 11:00:00,19.5,50.2
2026-06-18 11:01:00,19.3,50
2026-06-18 11:02:00,19.5,50.2
2026-06-18 11:03:00,19.6,50.1
2026-06-18 11:04:00,19.3,50
2026-06-18 11:05:00,19.4,49.9
2026-06-18 11:06:00,19.5,50
2026-06-18 11:07:00,19.4,49.9
2026-06-18 11:08:00,19.5,49.9
2026-06-18 11:09:00,19.5,49.7
2026-06-18 11:10:00,19.6,49.8
2026-06-18 11:11:00,19.6,49.8
2026-06-18 11:12:00,19.6,49.8
2026-06-18 11:13:00,19.5,49.9
2026-06-18 11:14:00,19.6,50
2026-06-18 11:15:00,19.6,50.2
2026-06-18 11:16:00,19.5,50.1
2026-06-18 11:17:00,19.5,50.2
2026-06-18 11:18:00,19.6,50
2026-06-18 11:19:00,19.5,50.1
2026-06-18 11:20:00,19.6,50.2
2026-06-18 11:21:00,19.6,50.3
2026-06-18 11:22:00,19.5,50.4
2026-06-18 11:23:00,19.5,50.5
2026-06-18 11:24:00,19.3,50.3
2026-06-18 11:25:00,19.5,50.3
2026-06-18 11:26:00,19.4,50.4
2026-06-18 11:27:00,19.3,50.5
2026-06-18 11:28:00,19.4,50.3
2026-06-18 11:29:00,19.4,50.4
2026-06-18 11:30:00,19.3,50.6
2026-06-18 11:31:00,19.4,50.5
2026-06-18 11:32:00,19.4,50.3
2026-06-18 11:33:00,19.3,50.3
2026-06-18 11:34:00,19.3,50.4
2026-06-18 11:35:00,19.5,50.4
2026-06-18 11:36:00,19.2,50.4
2026-06-18 11:37:00,19.3,50.3
2026-06-18 11:38:00,19.5,50.4
2026-06-18 11:39:00,19.3,50.2
2026-06-18 11:40:00,19.3,50.5
2026-06-18 11:41:00,19.3,50.2
2026-06-18 11:42:00,19.3,50.3
2026-06-18 11:43:00,19.3,50.3
2026-06-18 11:44:00,19.3,50.3
2026-06-18 11:45:00,19.5,50.3
2026-06-18 11:46:00,19.3,50.2
2026-06-18 11:47:00,19.3,50.3
2026-06-18 11:48:00,19.3,50.3
2026-06-18 11:49:00,19.3,50.4
2026-06-18 11:50:00,19.2,50.4
2026-06-18 11:51:00,19.2,50.2
2026-06-18 11:52:00,19.3,50.4
2026-06-18 11:53:00,19.3,50.3
2026-06-18 11:54:00,19.3,50.4
2026-06-18 11:55:00,19.3,50.4
2026-06-18 11:56:00,19.3,50.2
2026-06-18 11:57:00,19.3,50.3
2026-06-18 11:58:00,19.2,50.2
2026-06-18 11:59:00,19.2,50.2
2026-06-18 12:00:00,19.3,50.2
2026-06-18 12:01:00,19.1,50.1
2026-06-18 12:02:00,19.2,50.3
2026-06-18 12:03:00,19.3,50.3
2026-06-18 12:04:00,19.3,50.3
2026-06-18 12:05:00,19.2,50.2
2026-06-18 12:06:00,19.2,50.2
2026-06-18 12:07:00,19.3,50.3
2026-06-18 12:08:00,19.2,50.3
2026-06-18 12:09:00,19.1,50.2
2026-06-18 12:10:00,19.1,50.2
2026-06-18 12:11:00,19.3,50.3
2026-06-18 12:12:00,19.2,50.2
2026-06-18 12:13:00,19.2,50.3
2026-06-18 12:14:00,19.3,50.3
2026-06-18 12:15:00,19.2,50.2
2026-06-18 12:16:00,19.3,50.3
2026-06-18 12:17:00,19.3,50.2
2026-06-18 12:18:00,19.3,50.3
2026-06-18 12:19:00,19.3,50.2
2026-06-18 12:20:00,19.1,50.1
2026-06-18 12:21:00,19.2,50.1
2026-06-18 12:22:00,19.3,50.2
2026-06-18 12:23:00,19.3,50.2
2026-06-18 12:24:00,19.2,50.3
2026-06-18 12:25:00,19.3,50.3
2026-06-18 12:26:00,19.3,50.2
2026-06-18 12:27:00,19.2,50.3
2026-06-18 12:28:00,19.2,50.2
2026-06-18 12:29:00,19.2,50.1
2026-06-18 12:30:00,19.2,50.1
2026-06-18 12:31:00,19.3,50.2
2026-06-18 12:32:00,19.2,50.2
2026-06-18 12:33:00,19.2,50.3
2026-06-18 12:34:00,19.3,50.2
2026-06-18 12:35:00,19.3,50.3
2026-06-18 12:36:00,19.2,50.2
2026-06-18 12:37:00,19.2,50.3
2026-06-18 12:38:00,19.3,50.2
2026-06-18 12:39:00,19.3,50.2
2026-06-18 12:40:00,19.3,50.2
2026-06-18 12:41:00,19.2,50.1
2026-06-18 12:42:00,19.2,50.2
2026-06-18 12:43:00,19.2,50.2
2026-06-18 12:44:00,19.3,50.3
2026-06-18 12:45:00,19.1,50.1
2026-06-18 12:46:00,19.1,50.1
2026-06-18 12:47:00,19.3,50.2
2026-06-18 12:48:00,19.3,50
2026-06-18 12:49:00,19.3,49.9
2026-06-18 12:50:00,19.2,50
2026-06-18 12:51:00,19.2,50
2026-06-18 12:52:00,19.3,50
2026-06-18 12:53:00,19.3,50.2
2026-06-18 12:54:00,19.2,50.1
2026-06-18 12:55:00,19.3,50.1
2026-06-18 12:56:00,19.2,50.1
2026-06-18 12:57:00,19.2,50
2026-06-18 12:58:00,19.3,50
2026-06-18 12:59:00,19.3,50.2
2026-06-18 13:00:00,19.3,50
2026-06-18 13:01:00,19.3,49.9
2026-06-18 13:02:00,19.3,49.9
2026-06-18 13:03:00,19.2,49.9
2026-06-18 13:04:00,19.3,49.9
2026-06-18 13:05:00,19.2,49.9
2026-06-18 13:06:00,19.3,49.8
2026-06-18 13:07:00,19.3,49.8
2026-06-18 13:08:00,19.3,49.8
2026-06-18 13:09:00,19.3,49.8
2026-06-18 13:10:00,19.3,49.9
2026-06-18 13:11:00,19.5,49.8
2026-06-18 13:12:00,19.3,49.9
2026-06-18 13:13:00,19.3,49.9
2026-06-18 13:14:00,19.3,50
2026-06-18 13:15:00,19.3,50
2026-06-18 13:16:00,19.3,50
2026-06-18 13:17:00,19.4,50
2026-06-18 13:18:00,19.3,50.1
2026-06-18 13:19:00,19.3,50.2
2026-06-18 13:20:00,19.3,50.1
2026-06-18 13:21:00,19.3,50.2
2026-06-18 13:22:00,19.3,50
2026-06-18 13:23:00,19.5,50.1
2026-06-18 13:24:00,19.3,50
2026-06-18 13:25:00,19.3,50.1
2026-06-18 13:26:00,19.3,50
2026-06-18 13:27:00,19.3,49.9
2026-06-18 13:28:00,19.5,50
2026-06-18 13:29:00,19.3,50.2
2026-06-18 13:30:00,19.3,50
2026-06-18 13:31:00,19.5,50.2
2026-06-18 13:32:00,19.3,50.1
2026-06-18 13:33:00,19.3,50.1
2026-06-18 13:34:00,19.3,50.1
2026-06-18 13:35:00,19.3,50.1
2026-06-18 13:36:00,19.2,50.1
2026-06-18 13:37:00,19.3,50.1
2026-06-18 13:38:00,19.3,50
2026-06-18 13:39:00,19.3,50.2
2026-06-18 13:40:00,19.2,49.9
2026-06-18 13:41:00,19.3,50
2026-06-18 13:42:00,19.2,50
2026-06-18 13:43:00,19.2,50
2026-06-18 13:44:00,19.3,50
2026-06-18 13:45:00,19.2,49.9
2026-06-18 13:46:00,19.2,50
2026-06-18 13:47:00,19.3,49.9
2026-06-18 13:48:00,19.3,50
2026-06-18 13:49:00,19.2,50.1
2026-06-18 13:50:00,19.3,50
2026-06-18 13:51:00,19.2,49.9
2026-06-18 13:52:00,19.2,50.1
2026-06-18 13:53:00,19.1,49.9
2026-06-18 13:54:00,19.2,49.9
2026-06-18 13:55:00,19.2,49.8
2026-06-18 13:56:00,19.2,49.8
2026-06-18 13:57:00,19.2,49.9
2026-06-18 13:58:00,19.2,49.9
2026-06-18 13:59:00,19.2,49.9
2026-06-18 14:00:00,19.3,49.9
2026-06-18 14:01:00,19.3,49.9
2026-06-18 14:02:00,19.2,49.9
2026-06-18 14:03:00,19.2,49.9
2026-06-18 14:04:00,19.2,49.9
2026-06-18 14:05:00,19.3,49.9
2026-06-18 14:06:00,19.3,49.8
2026-06-18 14:07:00,19.3,49.8
2026-06-18 14:08:00,19.2,49.6
2026-06-18 14:09:00,19.3,49.6
2026-06-18 14:10:00,19.3,49.8
2026-06-18 14:11:00,19.2,49.8
2026-06-18 14:12:00,19.3,49.9
2026-06-18 14:13:00,19.3,49.8
2026-06-18 14:14:00,19.3,49.9
2026-06-18 14:15:00,19.2,49.8
2026-06-18 14:16:00,19.3,49.8
2026-06-18 14:17:00,19.3,49.6
2026-06-18 14:18:00,19.3,49.7
2026-06-18 14:19:00,19.3,49.8
2026-06-18 14:20:00,19.3,49.8
2026-06-18 14:21:00,19.2,49.7
2026-06-18 14:22:00,19.2,49.8
2026-06-18 14:23:00,19.2,49.8
2026-06-18 14:24:00,19.2,49.8
2026-06-18 14:25:00,19.3,49.6
2026-06-18 14:26:00,19.2,49.5
2026-06-18 14:27:00,19.3,49.8
2026-06-18 14:28:00,19.1,49.9
2026-06-18 14:29:00,19.3,49.8
2026-06-18 14:30:00,19.3,49.7
2026-06-18 14:31:00,19.3,49.8
2026-06-18 14:32:00,19.2,49.7
2026-06-18 14:33:00,19.2,49.7
2026-06-18 14:34:00,19.2,49.7
2026-06-18 14:35:00,19.3,49.7
2026-06-18 14:36:00,19.2,49.5
2026-06-18 14:37:00,19.3,49.5
2026-06-18 14:38:00,19.2,49.9
2026-06-18 14:39:00,19.2,49.6
2026-06-18 14:40:00,19.2,49.6
2026-06-18 14:41:00,19.3,49.7
2026-06-18 14:42:00,19.3,49.7
2026-06-18 14:43:00,19.2,49.8
2026-06-18 14:44:00,19.3,49.7
2026-06-18 14:45:00,19.2,49.7
2026-06-18 14:46:00,19.2,49.5
2026-06-18 14:47:00,19.2,49.5
2026-06-18 14:48:00,19.2,49.6
2026-06-18 14:49:00,19.2,49.5
2026-06-18 14:50:00,19.3,49.5
2026-06-18 14:51:00,19.2,49.8
2026-06-18 14:52:00,19.4,49.7
2026-06-18 14:53:00,19.2,49.7
2026-06-18 14:54:00,19.2,49.7
2026-06-18 14:55:00,19.2,49.6
2026-06-18 14:56:00,19.2,49.7
2026-06-18 14:57:00,19.3,49.7
2026-06-18 14:58:00,19.3,49.7
2026-06-18 14:59:00,19.2,49.7
2026-06-18 15:00:00,19.3,49.8
2026-06-18 15:01:00,19.2,49.6
2026-06-18 15:02:00,19.3,49.8
2026-06-18 15:03:00,19.3,49.6
2026-06-18 15:04:00,19.4,49.7
2026-06-18 15:05:00,19.3,49.6
2026-06-18 15:06:00,19.3,49.7
2026-06-18 15:07:00,19.5,49.6
2026-06-18 15:08:00,19.4,49.5
2026-06-18 15:09:00,19.5,49.5
2026-06-18 15:10:00,19.4,49.5
2026-06-18 15:11:00,19.5,49.7
2026-06-18 15:12:00,19.5,49.6
2026-06-18 15:13:00,19.5,49.6
2026-06-18 15:14:00,19.5,49.7
2026-06-18 15:15:00,19.5,49.5
2026-06-18 15:16:00,19.5,49.7
2026-06-18 15:17:00,19.4,49.5
2026-06-18 15:18:00,19.6,49.5
2026-06-18 15:19:00,19.6,49.5
2026-06-18 15:20:00,19.5,49.5
2026-06-18 15:21:00,19.5,49.4
2026-06-18 15:22:00,19.6,49.5
2026-06-18 15:23:00,19.7,49.4
2026-06-18 15:24:00,19.6,49.4
2026-06-18 15:25:00,19.7,49.3
2026-06-18 15:26:00,19.8,49.4
2026-06-18 15:27:00,19.8,49.3
2026-06-18 15:28:00,19.8,49.4
2026-06-18 15:29:00,19.9,49.2
2026-06-18 15:30:00,19.8,49.2
2026-06-18 15:31:00,19.9,49.2
2026-06-18 15:32:00,19.9,49.2
2026-06-18 15:33:00,20,49.3
2026-06-18 15:34:00,19.9,49.1
2026-06-18 15:35:00,19.8,49.2
2026-06-18 15:36:00,19.9,49
2026-06-18 15:37:00,19.9,49
2026-06-18 15:38:00,20,49.2
2026-06-18 15:39:00,20,49
2026-06-18 15:40:00,19.9,48.9
2026-06-18 15:41:00,20.1,48.9
2026-06-18 15:42:00,20,49
2026-06-18 15:43:00,20.1,49
2026-06-18 15:44:00,20.2,49
2026-06-18 15:45:00,20,49
2026-06-18 15:46:00,20.1,48.9
2026-06-18 15:47:00,20.2,48.9
2026-06-18 15:48:00,20,48.9
2026-06-18 15:49:00,20.1,49
2026-06-18 15:50:00,20.3,49
2026-06-18 15:51:00,20.2,48.8
2026-06-18 15:52:00,20.3,49
2026-06-18 15:53:00,20.3,48.9
2026-06-18 15:54:00,20.2,48.9
2026-06-18 15:55:00,20.3,48.9
2026-06-18 15:56:00,20.3,48.9
2026-06-18 15:57:00,20.3,48.7
2026-06-18 15:58:00,20.3,48.8
2026-06-18 15:59:00,20.5,48.8
2026-06-18 16:00:00,20.3,48.7
2026-06-18 16:01:00,20.4,48.8
2026-06-18 16:02:00,20.5,48.8
2026-06-18 16:03:00,20.4,48.7
2026-06-18 16:04:00,20.3,48.7
2026-06-18 16:05:00,20.5,48.7
2026-06-18 16:06:00,20.5,48.6
2026-06-18 16:07:00,20.5,48.7
2026-06-18 16:08:00,20.6,48.5
2026-06-18 16:09:00,20.6,48.6
2026-06-18 16:10:00,20.6,48.5
2026-06-18 16:11:00,20.6,48.5
2026-06-18 16:12:00,20.5,48.7
2026-06-18 16:13:00,20.6,48.6
2026-06-18 16:14:00,20.6,48.5
2026-06-18 16:15:00,20.6,48.5
2026-06-18 16:16:00,20.7,48.5
2026-06-18 16:17:00,20.6,48.5
2026-06-18 16:18:00,20.7,48.5
2026-06-18 16:19:00,20.6,48.5
2026-06-18 16:20:00,20.7,48.6
2026-06-18 16:21:00,20.6,48.4
2026-06-18 16:22:00,20.7,48.5
2026-06-18 16:23:00,20.7,48.4
2026-06-18 16:24:00,20.6,48.5
2026-06-18 16:25:00,20.7,48.3
2026-06-18 16:26:00,20.8,48.4
2026-06-18 16:27:00,20.7,48.2
2026-06-18 16:28:00,21,48.6
2026-06-18 16:29:00,20.7,48.3
2026-06-18 16:30:00,20.7,48.3
2026-06-18 16:31:00,20.7,48.2
2026-06-18 16:32:00,20.8,48.4
2026-06-18 16:33:00,20.9,48.3
2026-06-18 16:34:00,20.9,48.3
2026-06-18 16:35:00,20.9,48.3
2026-06-18 16:36:00,20.9,48.2
2026-06-18 16:37:00,20.9,48.3
2026-06-18 16:38:00,20.9,48.2
2026-06-18 16:39:00,20.9,48.3
2026-06-18 16:40:00,21,48.2
2026-06-18 16:41:00,20.9,48.2
2026-06-18 16:42:00,20.9,48.1
2026-06-18 16:43:00,21.1,48.1
2026-06-18 16:44:00,21,48.1
2026-06-18 16:45:00,21.1,48.2
2026-06-18 16:46:00,21,48.3
2026-06-18 16:47:00,21.1,48.1
2026-06-18 16:48:00,21,48.2
2026-06-18 16:49:00,21.1,48.1
2026-06-18 16:50:00,21,48.1
2026-06-18 16:51:00,21.1,48
2026-06-18 16:52:00,21.1,47.9
2026-06-18 16:53:00,21.1,48
2026-06-18 16:54:00,21.2,48.2
2026-06-18 16:55:00,21.2,48.1
2026-06-18 16:56:00,21.1,48
2026-06-18 16:57:00,21.1,47.9
2026-06-18 16:58:00,21.1,48.1
2026-06-18 16:59:00,21.1,48
2026-06-18 17:00:00,21.1,48
2026-06-18 17:01:00,21.1,48
2026-06-18 17:02:00,21.3,48
2026-06-18 17:03:00,21.2,48
2026-06-18 17:04:00,21.2,48
2026-06-18 17:05:00,21.2,48
2026-06-18 17:06:00,21.2,48
2026-06-18 17:07:00,21.2,48
2026-06-18 17:08:00,21.2,47.9
2026-06-18 17:09:00,21.2,47.9
2026-06-18 17:10:00,21.2,47.9
2026-06-18 17:11:00,21.3,48
2026-06-18 17:12:00,21.3,48.1
2026-06-18 17:13:00,21.2,47.9
2026-06-18 17:14:00,21.3,48
2026-06-18 17:15:00,21.3,47.7
2026-06-18 17:16:00,21.3,47.9
2026-06-18 17:17:00,21.2,47.6
2026-06-18 17:18:00,21.3,47.8
2026-06-18 17:19:00,21.3,47.8
2026-06-18 17:20:00,21.3,47.7
2026-06-18 17:21:00,21.3,47.7
2026-06-18 17:22:00,21.5,47.9
2026-06-18 17:23:00,21.3,47.6
2026-06-18 17:24:00,21.5,47.7
2026-06-18 17:25:00,21.3,47.7
2026-06-18 17:26:00,21.4,47.7
2026-06-18 17:27:00,21.3,47.8
2026-06-18 17:28:00,21.3,47.7
2026-06-18 17:29:00,21.3,47.8
2026-06-18 17:30:00,21.5,47.8
2026-06-18 17:31:00,21.5,47.7
2026-06-18 17:32:00,21.5,47.6
2026-06-18 17:33:00,21.5,47.7
2026-06-18 17:34:00,21.5,47.7
2026-06-18 17:35:00,21.5,47.6
2026-06-18 17:36:00,21.5,47.7
2026-06-18 17:37:00,21.4,47.6
2026-06-18 17:38:00,21.5,47.7
2026-06-18 17:39:00,21.5,47.5
2026-06-18 17:40:00,21.5,47.6
2026-06-18 17:41:00,21.6,47.6
2026-06-18 17:42:00,21.5,47.4
2026-06-18 17:43:00,21.6,47.5
2026-06-18 17:44:00,21.6,47.7
2026-06-18 17:45:00,21.6,47.6
2026-06-18 17:46:00,21.5,47.5
2026-06-18 17:47:00,21.6,47.5
2026-06-18 17:48:00,21.5,47.4
2026-06-18 17:49:00,21.6,47.6
2026-06-18 17:50:00,21.5,47.6
2026-06-18 17:51:00,21.5,47.5
2026-06-18 17:52:00,21.6,47.4
2026-06-18 17:53:00,21.5,47.4
2026-06-18 17:54:00,21.6,47.5
2026-06-18 17:55:00,21.6,47.3
2026-06-18 17:56:00,21.7,47.4
2026-06-18 17:57:00,21.6,47.5
2026-06-18 17:58:00,21.4,47.4
2026-06-18 17:59:00,21.5,47.3
2026-06-18 18:00:00,21.6,47.3
2026-06-18 18:01:00,21.5,47.3
2026-06-18 18:02:00,21.5,47.4
2026-06-18 18:03:00,21.5,47.4
2026-06-18 18:04:00,21.6,47.2
2026-06-18 18:05:00,21.5,47.3
2026-06-18 18:06:00,21.5,47.3
2026-06-18 18:07:00,21.6,47.3
2026-06-18 18:08:00,21.5,47.2
2026-06-18 18:09:00,21.6,47.5
2026-06-18 18:10:00,21.6,47.5
2026-06-18 18:11:00,21.5,47.6
2026-06-18 18:12:00,21.6,47.7
2026-06-18 18:13:00,21.5,47.6
2026-06-18 18:14:00,21.6,47.7
2026-06-18 18:15:00,21.5,47.9
2026-06-18 18:16:00,21.5,47.8
2026-06-18 18:17:00,21.7,47.9
2026-06-18 18:18:00,21.6,48
2026-06-18 18:19:00,21.5,47.9
2026-06-18 18:20:00,21.5,48
2026-06-18 18:21:00,21.6,47.8
2026-06-18 18:22:00,21.5,47.8
2026-06-18 18:23:00,21.6,47.9
2026-06-18 18:24:00,21.5,47.8
2026-06-18 18:25:00,21.5,47.9
2026-06-18 18:26:00,21.6,47.8
2026-06-18 18:27:00,21.6,47.8
2026-06-18 18:28:00,21.7,47.9
2026-06-18 18:29:00,21.5,47.9
2026-06-18 18:30:00,21.6,47.9
2026-06-18 18:31:00,21.5,47.8
2026-06-18 18:32:00,21.7,47.9
2026-06-18 18:33:00,21.7,48
2026-06-18 18:34:00,21.5,47.9
2026-06-18 18:35:00,21.7,48
2026-06-18 18:36:00,21.6,48
2026-06-18 18:37:00,21.6,48.1
2026-06-18 18:38:00,21.5,48
2026-06-18 18:39:00,21.6,48.2
2026-06-18 18:40:00,21.6,48
2026-06-18 18:41:00,21.6,48
2026-06-18 18:42:00,21.5,48.1
2026-06-18 18:43:00,21.6,48.1
2026-06-18 18:44:00,21.6,48
2026-06-18 18:45:00,21.4,47.9
2026-06-18 18:46:00,21.6,48.1
2026-06-18 18:47:00,21.7,48.1
2026-06-18 18:48:00,21.6,48
2026-06-18 18:49:00,21.6,47.9
2026-06-18 18:50:00,21.7,48.1
2026-06-18 18:51:00,21.5,48
2026-06-18 18:52:00,21.5,48
2026-06-18 18:53:00,21.6,48.1
2026-06-18 18:54:00,21.6,48.1
2026-06-18 18:55:00,21.6,48
2026-06-18 18:56:00,21.6,47.8
2026-06-18 18:57:00,21.6,48
2026-06-18 18:58:00,21.6,47.8
2026-06-18 18:59:00,21.5,47.8
2026-06-18 19:00:00,21.7,48
2026-06-18 19:01:00,21.5,47.9
2026-06-18 19:02:00,21.6,47.8
2026-06-18 19:03:00,21.6,47.9
2026-06-18 19:04:00,21.5,47.9
2026-06-18 19:05:00,21.5,47.9
2026-06-18 19:06:00,21.5,47.8
2026-06-18 19:07:00,21.6,47.8
2026-06-18 19:08:00,21.6,47.8
2026-06-18 19:09:00,21.7,47.8
2026-06-18 19:10:00,21.6,47.9
2026-06-18 19:11:00,21.5,47.9
2026-06-18 19:12:00,21.5,47.8
2026-06-18 19:13:00,21.5,47.8
2026-06-18 19:14:00,21.6,47.9
2026-06-18 19:15:00,21.7,47.8
2026-06-18 19:16:00,21.5,47.9
2026-06-18 19:17:00,21.5,47.8
2026-06-18 19:18:00,21.6,47.8
2026-06-18 19:19:00,21.6,47.8
2026-06-18 19:20:00,21.5,47.9
2026-06-18 19:21:00,21.5,47.8
2026-06-18 19:22:00,21.5,47.9
2026-06-18 19:23:00,21.6,47.7
2026-06-18 19:24:00,21.6,47.8
2026-06-18 19:25:00,21.6,47.8
2026-06-18 19:26:00,21.6,47.8
2026-06-18 19:27:00,21.6,48
2026-06-18 19:28:00,21.6,48
2026-06-18 19:29:00,21.6,48
2026-06-18 19:30:00,21.5,47.9
2026-06-18 19:31:00,21.5,47.9
2026-06-18 19:32:00,21.6,47.8
2026-06-18 19:33:00,21.5,48
2026-06-18 19:34:00,21.6,47.8
2026-06-18 19:35:00,21.5,47.8
2026-06-18 19:36:00,21.5,47.8
2026-06-18 19:37:00,21.5,47.9
2026-06-18 19:38:00,21.6,47.9
2026-06-18 19:39:00,21.6,48
2026-06-18 19:40:00,21.6,47.9
2026-06-18 19:41:00,21.5,47.8
2026-06-18 19:42:00,21.6,48
2026-06-18 19:43:00,21.5,47.9
2026-06-18 19:44:00,21.5,47.9
2026-06-18 19:45:00,21.5,47.7
2026-06-18 19:46:00,21.6,47.8
2026-06-18 19:47:00,21.5,47.9
2026-06-18 19:48:00,21.5,47.9
2026-06-18 19:49:00,21.5,47.9
2026-06-18 19:50:00,21.6,47.7
2026-06-18 19:51:00,21.6,47.9
2026-06-18 19:52:00,21.5,47.7
2026-06-18 19:53:00,21.5,48
2026-06-18 19:54:00,21.6,47.8
2026-06-18 19:55:00,21.4,47.8
2026-06-18 19:56:00,21.5,47.7
2026-06-18 19:57:00,21.5,47.8
2026-06-18 19:58:00,21.5,47.7
2026-06-18 19:59:00,21.6,47.9
2026-06-18 20:00:00,21.4,47.7
2026-06-18 20:01:00,21.5,47.7
2026-06-18 20:02:00,21.5,47.9
2026-06-18 20:03:00,21.5,48
2026-06-18 20:04:00,21.6,47.9
2026-06-18 20:05:00,21.4,47.8
2026-06-18 20:06:00,21.5,47.9
2026-06-18 20:07:00,21.6,47.9
2026-06-18 20:08:00,21.6,47.9
2026-06-18 20:09:00,21.5,47.8
2026-06-18 20:10:00,21.5,47.8
2026-06-18 20:11:00,21.6,47.9
2026-06-18 20:12:00,21.5,47.8
2026-06-18 20:13:00,21.5,47.9
2026-06-18 20:14:00,21.6,47.9
2026-06-18 20:15:00,21.6,47.9
2026-06-18 20:16:00,21.5,47.9
2026-06-18 20:17:00,21.6,47.8
2026-06-18 20:18:00,21.6,48
2026-06-18 20:19:00,21.5,47.8
2026-06-18 20:20:00,21.5,47.8
2026-06-18 20:21:00,21.4,47.8
2026-06-18 20:22:00,21.4,47.8
2026-06-18 20:23:00,21.5,47.9
2026-06-18 20:24:00,21.6,47.8
2026-06-18 20:25:00,21.6,47.7
2026-06-18 20:26:00,21.5,48
2026-06-18 20:27:00,21.5,47.9
2026-06-18 20:28:00,21.6,47.9
2026-06-18 20:29:00,21.5,47.8
2026-06-18 20:30:00,21.5,47.8
2026-06-18 20:31:00,21.5,47.7
2026-06-18 20:32:00,21.5,47.8
2026-06-18 20:33:00,21.5,47.7
2026-06-18 20:34:00,21.5,47.8
2026-06-18 20:35:00,21.5,47.9
2026-06-18 20:36:00,21.6,47.8
2026-06-18 20:37:00,21.5,47.8
2026-06-18 20:38:00,21.5,47.9
2026-06-18 20:39:00,21.5,47.7
2026-06-18 20:40:00,21.7,47.9
2026-06-18 20:41:00,21.6,47.9
2026-06-18 20:42:00,21.4,47.9
2026-06-18 20:43:00,21.6,47.9
2026-06-18 20:44:00,21.4,47.9
2026-06-18 20:45:00,21.4,47.8
2026-06-18 20:46:00,21.4,47.7
2026-06-18 20:47:00,21.5,48
2026-06-18 20:48:00,21.4,47.9
2026-06-18 20:49:00,21.5,47.7
2026-06-18 20:50:00,21.5,47.8
2026-06-18 20:51:00,21.5,47.9
2026-06-18 20:52:00,21.3,47.8
2026-06-18 20:53:00,21.5,47.8
2026-06-18 20:54:00,21.4,47.7
2026-06-18 20:55:00,21.5,47.7
2026-06-18 20:56:00,21.5,47.8
2026-06-18 20:57:00,21.5,48
2026-06-18 20:58:00,21.5,47.8
2026-06-18 20:59:00,21.5,48
2026-06-18 21:00:00,21.4,47.7
2026-06-18 21:01:00,21.3,47.8
2026-06-18 21:02:00,21.3,47.7
2026-06-18 21:03:00,21.4,47.9
2026-06-18 21:04:00,21.5,48
2026-06-18 21:05:00,21.4,47.8
2026-06-18 21:06:00,21.4,47.9
2026-06-18 21:07:00,21.5,47.8
2026-06-18 21:08:00,21.4,47.8
2026-06-18 21:09:00,21.5,47.8
2026-06-18 21:10:00,21.3,47.7
2026-06-18 21:11:00,21.5,47.9
2026-06-18 21:12:00,21.5,48
2026-06-18 21:13:00,21.4,47.8
2026-06-18 21:14:00,21.3,47.7
2026-06-18 21:15:00,21.4,47.9
2026-06-18 21:16:00,21.5,47.9
2026-06-18 21:17:00,21.5,47.8
2026-06-18 21:18:00,21.6,47.8
2026-06-18 21:19:00,21.5,47.9
2026-06-18 21:20:00,21.3,47.7
2026-06-18 21:21:00,21.4,47.9
2026-06-18 21:22:00,21.5,47.9
2026-06-18 21:23:00,21.5,47.9
2026-06-18 21:24:00,21.5,47.8
2026-06-18 21:25:00,21.3,47.9
2026-06-18 21:26:00,21.5,47.8
2026-06-18 21:27:00,21.3,47.8
2026-06-18 21:28:00,21.3,47.7
2026-06-18 21:29:00,21.5,47.8
2026-06-18 21:30:00,21.3,47.9
2026-06-18 21:31:00,21.3,47.7
2026-06-18 21:32:00,21.4,47.7
2026-06-18 21:33:00,21.5,47.8
2026-06-18 21:34:00,21.5,47.7
2026-06-18 21:35:00,21.5,47.8
2026-06-18 21:36:00,21.5,47.8
2026-06-18 21:37:00,21.3,47.7
2026-06-18 21:38:00,21.3,47.8
2026-06-18 21:39:00,21.4,47.7
2026-06-18 21:40:00,21.3,47.7
2026-06-18 21:41:00,21.3,47.9
2026-06-18 21:42:00,21.3,47.9
2026-06-18 21:43:00,21.3,47.7
2026-06-18 21:44:00,21.4,47.7
2026-06-18 21:45:00,21.3,47.7
2026-06-18 21:46:00,21.5,48
2026-06-18 21:47:00,21.4,47.8
2026-06-18 21:48:00,21.5,47.9
2026-06-18 21:49:00,21.3,47.8
2026-06-18 21:50:00,21.4,47.9
2026-06-18 21:51:00,21.3,47.7
2026-06-18 21:52:00,21.3,47.9
2026-06-18 21:53:00,21.4,47.9
2026-06-18 21:54:00,21.5,48
2026-06-18 21:55:00,21.3,47.8
2026-06-18 21:56:00,21.2,47.8
2026-06-18 21:57:00,21.5,47.9
2026-06-18 21:58:00,21.4,47.9
2026-06-18 21:59:00,21.3,48
2026-06-18 22:00:00,21.5,47.8
2026-06-18 22:01:00,21.3,47.9
2026-06-18 22:02:00,21.4,47.8
2026-06-18 22:03:00,21.3,47.9
2026-06-18 22:04:00,21.3,48
2026-06-18 22:05:00,21.4,47.8
2026-06-18 22:06:00,21.3,47.9
2026-06-18 22:07:00,21.3,47.8
2026-06-18 22:08:00,21.3,47.8
2026-06-18 22:09:00,21.2,47.7
2026-06-18 22:10:00,21.3,47.7
2026-06-18 22:11:00,21.3,47.8
2026-06-18 22:12:00,21.3,47.8
2026-06-18 22:13:00,21.3,47.7
2026-06-18 22:14:00,21.2,47.9
2026-06-18 22:15:00,21.3,47.8
2026-06-18 22:16:00,21.5,47.8
2026-06-18 22:17:00,21.3,47.9
2026-06-18 22:18:00,21.3,47.9
2026-06-18 22:19:00,21.3,47.8
2026-06-18 22:20:00,21.3,47.8
2026-06-18 22:21:00,21.3,47.8
2026-06-18 22:22:00,21.3,47.9
2026-06-18 22:23:00,21.2,47.7
2026-06-18 22:24:00,21.3,47.9
2026-06-18 22:25:00,21.3,47.7
2026-06-18 22:26:00,21.3,47.9
2026-06-18 22:27:00,21.4,48.1
2026-06-18 22:28:00,21.5,48
2026-06-18 22:29:00,21.3,48
2026-06-18 22:30:00,21.2,47.7
2026-06-18 22:31:00,21.3,47.7
2026-06-18 22:32:00,21.3,47.9
2026-06-18 22:33:00,21.2,47.8
2026-06-18 22:34:00,21.3,47.9
2026-06-18 22:35:00,21.3,47.8
2026-06-18 22:36:00,21.3,47.8
2026-06-18 22:37:00,21.2,47.8
2026-06-18 22:38:00,21.4,47.7
2026-06-18 22:39:00,21.3,47.9
2026-06-18 22:40:00,21.2,47.9
2026-06-18 22:41:00,21.3,47.8
2026-06-18 22:42:00,21.3,48
2026-06-18 22:43:00,21.2,48
2026-06-18 22:44:00,21.2,47.7
2026-06-18 22:45:00,21.2,47.9
2026-06-18 22:46:00,21.2,47.7
2026-06-18 22:47:00,21.3,47.9
2026-06-18 22:48:00,21.3,47.8
2026-06-18 22:49:00,21.3,47.9
2026-06-18 22:50:00,21.3,47.9
2026-06-18 22:51:00,21.3,47.7
2026-06-18 22:52:00,21.3,47.8
2026-06-18 22:53:00,21.3,47.8
2026-06-18 22:54:00,21.3,47.9
2026-06-18 22:55:00,21.1,47.9
2026-06-18 22:56:00,21.5,47.8
2026-06-18 22:57:00,21.3,47.8
2026-06-18 22:58:00,21.3,47.9
2026-06-18 22:59:00,21.3,47.8
2026-06-18 23:00:00,21.3,47.9
2026-06-18 23:01:00,21.3,47.9
2026-06-18 23:02:00,21.2,47.8
2026-06-18 23:03:00,21.1,47.7
2026-06-18 23:04:00,21.2,47.8
2026-06-18 23:05:00,21.1,47.8
2026-06-18 23:06:00,21.2,47.6
2026-06-18 23:07:00,21.2,47.9
2026-06-18 23:08:00,21.2,47.8
2026-06-18 23:09:00,21.1,47.7
2026-06-18 23:10:00,21.2,47.9
2026-06-18 23:11:00,21.2,47.7
2026-06-18 23:12:00,21.2,47.7
2026-06-18 23:13:00,21.2,47.6
2026-06-18 23:14:00,21.2,47.7
2026-06-18 23:15:00,21.2,47.8
2026-06-18 23:16:00,21.3,47.7
2026-06-18 23:17:00,21.2,47.7
2026-06-18 23:18:00,21.3,47.8
2026-06-18 23:19:00,21.3,47.9
2026-06-18 23:20:00,21.3,47.7
2026-06-18 23:21:00,21.1,47.7
2026-06-18 23:22:00,21.2,47.7
2026-06-18 23:23:00,21.3,47.8
2026-06-18 23:24:00,21.2,47.9
2026-06-18 23:25:00,21.1,47.8
2026-06-18 23:26:00,21.2,47.7
2026-06-18 23:27:00,21.1,47.7
2026-06-18 23:28:00,21.2,47.6
2026-06-18 23:29:00,21.2,47.7
2026-06-18 23:30:00,21.2,47.8
2026-06-18 23:31:00,21.1,47.5
2026-06-18 23:32:00,21.1,47.7
2026-06-18 23:33:00,21.1,47.8
2026-06-18 23:34:00,21,47.6
2026-06-18 23:35:00,21.2,47.6
2026-06-18 23:36:00,21.1,47.7
2026-06-18 23:37:00,21.2,47.7
2026-06-18 23:38:00,21.2,47.6
2026-06-18 23:39:00,21.3,47.9
2026-06-18 23:40:00,21.1,47.7
2026-06-18 23:41:00,21.2,47.7
2026-06-18 23:42:00,21.2,47.7
2026-06-18 23:43:00,21.2,47.7
2026-06-18 23:44:00,21.1,47.6
2026-06-18 23:45:00,21.2,47.8
2026-06-18 23:46:00,21.3,47.9
2026-06-18 23:47:00,21.1,47.7
2026-06-18 23:48:00,21.1,47.7
2026-06-18 23:49:00,21.1,47.6
2026-06-18 23:50:00,21.3,47.8
2026-06-18 23:51:00,21.1,47.7
2026-06-18 23:52:00,21.1,47.7
2026-06-18 23:53:00,21,47.6
2026-06-18 23:54:00,21.1,47.7
2026-06-18 23:55:00,21.1,47.8
2026-06-18 23:56:00,21.1,47.8
2026-06-18 23:57:00,21.1,47.7
2026-06-18 23:58:00,21.2,47.6
2026-06-18 23:59:00,21.1,47.7
2026-06-19 00:00:00,21.1,47.8
2026-06-19 00:01:00,21.1,47.7
2026-06-19 00:02:00,21.2,47.7
2026-06-19 00:03:00,21.2,47.6
2026-06-19 00:04:00,21.2,47.6
2026-06-19 00:05:00,21,47.7
2026-06-19 00:06:00,21.1,47.7
2026-06-19 00:07:00,21,47.7
2026-06-19 00:08:00,21.3,47.7
2026-06-19 00:09:00,21.1,47.6
2026-06-19 00:10:00,21.1,47.7
2026-06-19 00:11:00,21.1,47.6
2026-06-19 00:12:00,21.2,47.7
2026-06-19 00:13:00,21.1,47.6
2026-06-19 00:14:00,21.1,47.6
2026-06-19 00:15:00,21.1,47.7
2026-06-19 00:16:00,21.1,47.6
2026-06-19 00:17:00,21.1,47.6
2026-06-19 00:18:00,21.1,47.7
2026-06-19 00:19:00,21.1,47.7
2026-06-19 00:20:00,21.2,47.9
2026-06-19 00:21:00,21.1,47.7
2026-06-19 00:22:00,21.2,47.7
2026-06-19 00:23:00,21.2,47.7
2026-06-19 00:24:00,21.1,47.5
2026-06-19 00:25:00,21.1,47.7
2026-06-19 00:26:00,21.1,47.7
2026-06-19 00:27:00,21.1,47.8
2026-06-19 00:28:00,21.1,47.7
2026-06-19 00:29:00,21.1,47.6
2026-06-19 00:30:00,21.1,47.7
2026-06-19 00:31:00,21,47.7
2026-06-19 00:32:00,21.1,47.6
2026-06-19 00:33:00,21.2,47.6
2026-06-19 00:34:00,21.1,47.6
2026-06-19 00:35:00,20.9,47.5
2026-06-19 00:36:00,21.1,47.6
2026-06-19 00:37:00,21.2,47.7
2026-06-19 00:38:00,21,47.6
2026-06-19 00:39:00,21,47.6
2026-06-19 00:40:00,21.2,47.7
2026-06-19 00:41:00,21.1,47.8
2026-06-19 00:42:00,21.1,47.6
2026-06-19 00:43:00,21,47.6
2026-06-19 00:44:00,21.1,47.5
2026-06-19 00:45:00,21,47.6
2026-06-19 00:46:00,21.1,47.5
2026-06-19 00:47:00,21.2,47.6
2026-06-19 00:48:00,21.1,47.7
2026-06-19 00:49:00,21.1,47.5
2026-06-19 00:50:00,21.1,47.6
2026-06-19 00:51:00,21.1,47.7
2026-06-19 00:52:00,21.1,47.6
2026-06-19 00:53:00,21.1,47.6
2026-06-19 00:54:00,21.1,47.7
2026-06-19 00:55:00,21,47.6
2026-06-19 00:56:00,21,47.7
2026-06-19 00:57:00,21.1,47.6
2026-06-19 00:58:00,21.1,47.5
2026-06-19 00:59:00,20.9,47.7
2026-06-19 01:00:00,21.1,47.8
2026-06-19 01:01:00,20.9,47.5
2026-06-19 01:02:00,20.9,47.5
2026-06-19 01:03:00,20.9,47.6
2026-06-19 01:04:00,21.1,47.7
2026-06-19 01:05:00,21,47.7
2026-06-19 01:06:00,21,47.6
2026-06-19 01:07:00,21.1,47.5
2026-06-19 01:08:00,21,47.5
2026-06-19 01:09:00,21.1,47.6
2026-06-19 01:10:00,21.1,47.7
2026-06-19 01:11:00,21,47.6
2026-06-19 01:12:00,21.1,47.6
2026-06-19 01:13:00,21,47.7
2026-06-19 01:14:00,21,47.7
2026-06-19 01:15:00,21,47.5
2026-06-19 01:16:00,20.9,47.5
2026-06-19 01:17:00,21,47.7
2026-06-19 01:18:00,21,47.7
2026-06-19 01:19:00,21.1,47.6
2026-06-19 01:20:00,21,47.6
2026-06-19 01:21:00,21,47.6
2026-06-19 01:22:00,20.9,47.6
2026-06-19 01:23:00,21,47.5
2026-06-19 01:24:00,21,47.7
2026-06-19 01:25:00,21,47.5
2026-06-19 01:26:00,21,47.5
2026-06-19 01:27:00,21.1,47.6
2026-06-19 01:28:00,21.1,47.5
2026-06-19 01:29:00,20.9,47.5
2026-06-19 01:30:00,20.9,47.5
2026-06-19 01:31:00,21.1,47.5
2026-06-19 01:32:00,21,47.5
2026-06-19 01:33:00,20.9,47.5
2026-06-19 01:34:00,21.1,47.6
2026-06-19 01:35:00,21,47.6
2026-06-19 01:36:00,21.1,47.7
2026-06-19 01:37:00,21.1,47.6
2026-06-19 01:38:00,20.9,47.5
2026-06-19 01:39:00,20.9,47.5
2026-06-19 01:40:00,21,47.6
2026-06-19 01:41:00,21.1,47.5
2026-06-19 01:42:00,21,47.5
2026-06-19 01:43:00,20.9,47.5
2026-06-19 01:44:00,21,47.5
2026-06-19 01:45:00,21,47.6
2026-06-19 01:46:00,21.1,47.7
2026-06-19 01:47:00,20.9,47.5
2026-06-19 01:48:00,20.9,47.6
2026-06-19 01:49:00,21,47.6
2026-06-19 01:50:00,20.9,47.6
2026-06-19 01:51:00,20.9,47.5
2026-06-19 01:52:00,20.9,47.5
2026-06-19 01:53:00,21.1,47.4
2026-06-19 01:54:00,20.8,47.6
2026-06-19 01:55:00,20.9,47.7
2026-06-19 01:56:00,21.1,47.5
2026-06-19 01:57:00,20.9,47.6
2026-06-19 01:58:00,20.9,47.6
2026-06-19 01:59:00,21,47.5
2026-06-19 02:00:00,21,47.4
2026-06-19 02:01:00,20.9,47.6
2026-06-19 02:02:00,20.7,47.5
2026-06-19 02:03:00,20.9,47.5
2026-06-19 02:04:00,21,47.5
2026-06-19 02:05:00,21,47.6
2026-06-19 02:06:00,21,47.5
2026-06-19 02:07:00,21,47.5
2026-06-19 02:08:00,20.9,47.5
2026-06-19 02:09:00,20.9,47.4
2026-06-19 02:10:00,21,47.7
2026-06-19 02:11:00,21.1,47.6
2026-06-19 02:12:00,21,47.5
2026-06-19 02:13:00,20.9,47.3
2026-06-19 02:14:00,20.8,47.6
2026-06-19 02:15:00,20.9,47.5
2026-06-19 02:16:00,21,47.5
2026-06-19 02:17:00,20.7,47.6
2026-06-19 02:18:00,20.8,47.4
2026-06-19 02:19:00,20.9,47.5
2026-06-19 02:20:00,20.9,47.5
2026-06-19 02:21:00,20.9,47.4
2026-06-19 02:22:00,20.9,47.5
2026-06-19 02:23:00,20.7,47.5
2026-06-19 02:24:00,20.9,47.5
2026-06-19 02:25:00,21,47.5
2026-06-19 02:26:00,20.9,47.5
2026-06-19 02:27:00,20.9,47.6
2026-06-19 02:28:00,21.1,47.4
2026-06-19 02:29:00,20.9,47.4
2026-06-19 02:30:00,20.9,47.5
2026-06-19 02:31:00,20.9,47.5
2026-06-19 02:32:00,20.8,47.5
2026-06-19 02:33:00,21,47.6
2026-06-19 02:34:00,20.9,47.5
2026-06-19 02:35:00,21,47.4
2026-06-19 02:36:00,20.9,47.4
2026-06-19 02:37:00,20.8,47.4
2026-06-19 02:38:00,20.9,47.5
2026-06-19 02:39:00,20.9,47.5
2026-06-19 02:40:00,21,47.4
2026-06-19 02:41:00,20.7,47.4
2026-06-19 02:42:00,21,47.6
2026-06-19 02:43:00,20.8,47.4
2026-06-19 02:44:00,20.7,47.3
2026-06-19 02:45:00,20.9,47.4
2026-06-19 02:46:00,20.9,47.5
2026-06-19 02:47:00,20.9,47.4
2026-06-19 02:48:00,20.8,47.6
2026-06-19 02:49:00,20.9,47.4
2026-06-19 02:50:00,20.8,47.5
2026-06-19 02:51:00,20.9,47.4
2026-06-19 02:52:00,20.9,47.5
2026-06-19 02:53:00,21,47.6
2026-06-19 02:54:00,20.8,47.4
2026-06-19 02:55:00,20.9,47.4
2026-06-19 02:56:00,20.9,47.3
2026-06-19 02:57:00,21,47.5
2026-06-19 02:58:00,20.9,47.5
2026-06-19 02:59:00,20.6,47.4
2026-06-19 03:00:00,20.9,47.5
2026-06-19 03:01:00,20.9,47.5
2026-06-19 03:02:00,20.7,47.5
2026-06-19 03:03:00,20.9,47.3
2026-06-19 03:04:00,20.9,47.6
2026-06-19 03:05:00,20.8,47.5
2026-06-19 03:06:00,20.9,47.5
2026-06-19 03:07:00,21,47.4
2026-06-19 03:08:00,21,47.4
2026-06-19 03:09:00,20.9,47.5
2026-06-19 03:10:00,20.8,47.5
2026-06-19 03:11:00,20.9,47.4
2026-06-19 03:12:00,20.9,47.5
2026-06-19 03:13:00,20.9,47.5
2026-06-19 03:14:00,20.8,47.5
2026-06-19 03:15:00,20.6,47.4
2026-06-19 03:16:00,20.9,47.5
2026-06-19 03:17:00,20.9,47.4
2026-06-19 03:18:00,20.9,47.5
2026-06-19 03:19:00,20.9,47.5
2026-06-19 03:20:00,20.9,47.5
2026-06-19 03:21:00,21,47.5
2026-06-19 03:22:00,20.9,47.5
2026-06-19 03:23:00,20.8,47.4
2026-06-19 03:24:00,20.9,47.5
2026-06-19 03:25:00,21,47.5
2026-06-19 03:26:00,20.9,47.5
2026-06-19 03:27:00,20.7,47.5
2026-06-19 03:28:00,20.7,47.4
2026-06-19 03:29:00,20.9,47.5
2026-06-19 03:30:00,20.7,47.4
2026-06-19 03:31:00,20.9,47.4
2026-06-19 03:32:00,20.9,47.4
2026-06-19 03:33:00,20.8,47.5
2026-06-19 03:34:00,20.9,47.3
2026-06-19 03:35:00,21,47.5
2026-06-19 03:36:00,20.8,47.6
2026-06-19 03:37:00,20.9,47.4
2026-06-19 03:38:00,20.9,47.5
2026-06-19 03:39:00,20.9,47.5
2026-06-19 03:40:00,20.8,47.5
2026-06-19 03:41:00,20.7,47.6
2026-06-19 03:42:00,21,47.6
2026-06-19 03:43:00,20.9,47.6
2026-06-19 03:44:00,20.9,47.4
2026-06-19 03:45:00,20.9,47.5
2026-06-19 03:46:00,20.9,47.5
2026-06-19 03:47:00,20.9,47.4
2026-06-19 03:48:00,20.7,47.4
2026-06-19 03:49:00,20.8,47.6
2026-06-19 03:50:00,20.9,47.5
2026-06-19 03:51:00,20.9,47.4
2026-06-19 03:52:00,20.9,47.6
2026-06-19 03:53:00,20.7,47.5
2026-06-19 03:54:00,20.7,47.4
2026-06-19 03:55:00,20.9,47.4
2026-06-19 03:56:00,20.7,47.5
2026-06-19 03:57:00,20.6,47.4
2026-06-19 03:58:00,20.9,47.5
2026-06-19 03:59:00,20.7,47.6
2026-06-19 04:00:00,20.7,47.3
2026-06-19 04:01:00,20.9,47.6
2026-06-19 04:02:00,20.8,47.5
2026-06-19 04:03:00,20.7,47.4
2026-06-19 04:04:00,20.7,47.4
2026-06-19 04:05:00,20.9,47.6
2026-06-19 04:06:00,20.7,47.5
2026-06-19 04:07:00,20.9,47.5
2026-06-19 04:08:00,20.9,47.5
2026-06-19 04:09:00,20.8,47.5
2026-06-19 04:10:00,20.7,47.4
2026-06-19 04:11:00,20.9,47.5
2026-06-19 04:12:00,20.7,47.6
2026-06-19 04:13:00,20.9,47.5
2026-06-19 04:14:00,20.9,47.5
2026-06-19 04:15:00,20.8,47.5
2026-06-19 04:16:00,20.7,47.5
2026-06-19 04:17:00,20.8,47.4
2026-06-19 04:18:00,20.8,47.6
2026-06-19 04:19:00,20.7,47.4
2026-06-19 04:20:00,20.7,47.4
2026-06-19 04:21:00,20.7,47.5
2026-06-19 04:22:00,20.9,47.5
2026-06-19 04:23:00,20.7,47.5
2026-06-19 04:24:00,20.7,47.5
2026-06-19 04:25:00,20.8,47.5
2026-06-19 04:26:00,20.9,47.5
2026-06-19 04:27:00,20.7,47.5
2026-06-19 04:28:00,20.7,47.5
2026-06-19 04:29:00,20.8,47.5
2026-06-19 04:30:00,20.7,47.5
2026-06-19 04:31:00,20.7,47.4
2026-06-19 04:32:00,20.6,47.5
2026-06-19 04:33:00,20.9,47.6
2026-06-19 04:34:00,20.7,47.5
2026-06-19 04:35:00,20.9,47.5
2026-06-19 04:36:00,20.7,47.5
2026-06-19 04:37:00,20.6,47.6
2026-06-19 04:38:00,20.8,47.5
2026-06-19 04:39:00,20.8,47.5
2026-06-19 04:40:00,20.7,47.5
2026-06-19 04:41:00,20.7,47.6
2026-06-19 04:42:00,20.9,47.6
2026-06-19 04:43:00,20.6,47.5
2026-06-19 04:44:00,20.8,47.5
2026-06-19 04:45:00,20.7,47.5
2026-06-19 04:46:00,20.9,47.5
2026-06-19 04:47:00,20.9,47.6
2026-06-19 04:48:00,20.9,47.5
2026-06-19 04:49:00,20.7,47.7
2026-06-19 04:50:00,20.8,47.7
2026-06-19 04:51:00,20.7,47.6
2026-06-19 04:52:00,20.7,47.6
2026-06-19 04:53:00,20.8,47.5
2026-06-19 04:54:00,20.7,47.6
2026-06-19 04:55:00,20.6,47.5
2026-06-19 04:56:00,20.6,47.4
2026-06-19 04:57:00,20.7,47.5
2026-06-19 04:58:00,20.7,47.6
2026-06-19 04:59:00,20.7,47.5
2026-06-19 05:00:00,20.7,47.6
2026-06-19 05:01:00,20.6,47.5
2026-06-19 05:02:00,20.5,47.4
2026-06-19 05:03:00,20.6,47.5
2026-06-19 05:04:00,20.6,47.5
2026-06-19 05:05:00,20.8,47.5
2026-06-19 05:06:00,20.7,47.5
2026-06-19 05:07:00,20.7,47.5
2026-06-19 05:08:00,20.7,47.4
2026-06-19 05:09:00,20.6,47.5
2026-06-19 05:10:00,20.6,47.6
2026-06-19 05:11:00,20.6,47.5
2026-06-19 05:12:00,20.6,47.5
2026-06-19 05:13:00,20.6,47.5
2026-06-19 05:14:00,20.6,47.5
2026-06-19 05:15:00,20.5,47.5
2026-06-19 05:16:00,20.7,47.6
2026-06-19 05:17:00,20.7,47.5
2026-06-19 05:18:00,20.7,47.6
2026-06-19 05:19:00,20.7,47.6
2026-06-19 05:20:00,20.6,47.5
2026-06-19 05:21:00,20.7,47.4
2026-06-19 05:22:00,20.7,47.5
2026-06-19 05:23:00,20.7,47.5
2026-06-19 05:24:00,20.6,47.6
2026-06-19 05:25:00,20.6,47.5
2026-06-19 05:26:00,20.6,47.4
2026-06-19 05:27:00,20.7,47.5
2026-06-19 05:28:00,20.5,47.5
2026-06-19 05:29:00,20.6,47.6
2026-06-19 05:30:00,20.7,47.6
2026-06-19 05:31:00,20.7,47.5
2026-06-19 05:32:00,20.7,47.6
2026-06-19 05:33:00,20.7,47.5
2026-06-19 05:34:00,20.6,47.5
2026-06-19 05:35:00,20.7,47.4
2026-06-19 05:36:00,20.7,47.5
2026-06-19 05:37:00,20.7,47.5
2026-06-19 05:38:00,20.8,47.5
2026-06-19 05:39:00,20.7,47.6
2026-06-19 05:40:00,20.7,47.4
2026-06-19 05:41:00,20.7,47.6
2026-06-19 05:42:00,20.6,47.6
2026-06-19 05:43:00,20.6,47.5
2026-06-19 05:44:00,20.7,47.5
2026-06-19 05:45:00,20.7,47.5
2026-06-19 05:46:00,20.6,47.5
2026-06-19 05:47:00,20.7,47.6
2026-06-19 05:48:00,20.6,47.4
2026-06-19 05:49:00,20.9,47.5
2026-06-19 05:50:00,20.7,47.4
2026-06-19 05:51:00,20.6,47.5
2026-06-19 05:52:00,20.6,47.5
2026-06-19 05:53:00,20.6,47.5
2026-06-19 05:54:00,20.7,47.6
2026-06-19 05:55:00,20.7,47.5
2026-06-19 05:56:00,20.6,47.6
2026-06-19 05:57:00,20.5,47.4
2026-06-19 05:58:00,20.6,47.5
2026-06-19 05:59:00,20.6,47.7
2026-06-19 06:00:00,20.6,47.6
2026-06-19 06:01:00,20.7,47.5
2026-06-19 06:02:00,20.6,47.5
2026-06-19 06:03:00,20.7,47.5
2026-06-19 06:04:00,20.6,47.5
2026-06-19 06:05:00,20.5,47.5
2026-06-19 06:06:00,20.5,47.5
2026-06-19 06:07:00,20.6,47.5
2026-06-19 06:08:00,20.6,47.6
2026-06-19 06:09:00,20.6,47.3
2026-06-19 06:10:00,20.6,47.5
2026-06-19 06:11:00,20.6,47.4
2026-06-19 06:12:00,20.5,47.5
2026-06-19 06:13:00,20.6,47.5
2026-06-19 06:14:00,20.5,47.4
2026-06-19 06:15:00,20.6,47.5
2026-06-19 06:16:00,20.6,47.5
2026-06-19 06:17:00,20.6,47.5
2026-06-19 06:18:00,20.6,47.5
2026-06-19 06:19:00,20.6,47.4
2026-06-19 06:20:00,20.6,47.5
2026-06-19 06:21:00,20.6,47.5
2026-06-19 06:22:00,20.6,47.4
2026-06-19 06:23:00,20.6,47.4
2026-06-19 06:24:00,20.6,47.4
2026-06-19 06:25:00,20.6,47.5
2026-06-19 06:26:00,20.5,47.5
2026-06-19 06:27:00,20.6,47.5
2026-06-19 06:28:00,20.6,47.6
2026-06-19 06:29:00,20.6,47.6
2026-06-19 06:30:00,20.6,47.5
2026-06-19 06:31:00,20.6,47.5
2026-06-19 06:32:00,20.6,47.6
2026-06-19 06:33:00,20.6,47.6
2026-06-19 06:34:00,20.6,47.6
2026-06-19 06:35:00,20.6,47.4
2026-06-19 06:36:00,20.6,47.3
2026-06-19 06:37:00,20.6,47.5
2026-06-19 06:38:00,20.6,47.5
2026-06-19 06:39:00,20.5,47.4
2026-06-19 06:40:00,20.6,47.4
2026-06-19 06:41:00,20.6,47.6
2026-06-19 06:42:00,20.6,47.5
2026-06-19 06:43:00,20.6,47.5
2026-06-19 06:44:00,20.6,47.6
2026-06-19 06:45:00,20.6,47.5
2026-06-19 06:46:00,20.6,47.5
2026-06-19 06:47:00,20.6,47.6
2026-06-19 06:48:00,20.3,47.4
2026-06-19 06:49:00,20.7,47.5
2026-06-19 06:50:00,20.3,47.4
2026-06-19 06:51:00,20.5,47.4
2026-06-19 06:52:00,20.6,47.6
2026-06-19 06:53:00,20.6,47.5
2026-06-19 06:54:00,20.6,47.6
2026-06-19 06:55:00,20.6,47.5
2026-06-19 06:56:00,20.5,47.5
2026-06-19 06:57:00,20.5,47.6
2026-06-19 06:58:00,20.5,47.5
2026-06-19 06:59:00,20.5,47.5
2026-06-19 07:00:00,20.6,47.5
2026-06-19 07:01:00,20.5,47.4
2026-06-19 07:02:00,20.6,47.4
2026-06-19 07:03:00,20.5,47.5
2026-06-19 07:04:00,20.6,47.5
2026-06-19 07:05:00,20.6,47.5
2026-06-19 07:06:00,20.5,47.4
2026-06-19 07:07:00,20.6,47.5
2026-06-19 07:08:00,20.6,47.4
2026-06-19 07:09:00,20.6,47.5
2026-06-19 07:10:00,20.6,47.5
2026-06-19 07:11:00,20.5,47.4
2026-06-19 07:12:00,20.6,47.6
2026-06-19 07:13:00,20.5,47.6
2026-06-19 07:14:00,20.5,47.6
2026-06-19 07:15:00,20.6,47.5
2026-06-19 07:16:00,20.7,47.5
2026-06-19 07:17:00,20.5,47.5
2026-06-19 07:18:00,20.5,47.4
2026-06-19 07:19:00,20.6,47.5
2026-06-19 07:20:00,20.7,47.5
2026-06-19 07:21:00,20.6,47.4
2026-06-19 07:22:00,20.6,47.4
2026-06-19 07:23:00,20.5,47.4
2026-06-19 07:24:00,20.7,47.4
2026-06-19 07:25:00,20.6,47.6
2026-06-19 07:26:00,20.6,47.5
2026-06-19 07:27:00,20.4,47.4
2026-06-19 07:28:00,20.6,47.5
2026-06-19 07:29:00,20.6,47.6
2026-06-19 07:30:00,20.5,47.5
2026-06-19 07:31:00,20.3,47.4
2026-06-19 07:32:00,20.6,47.5
2026-06-19 07:33:00,20.6,47.6
2026-06-19 07:34:00,20.6,47.6
2026-06-19 07:35:00,20.5,47.5
2026-06-19 07:36:00,20.5,47.5
2026-06-19 07:37:00,20.5,47.4
2026-06-19 07:38:00,20.5,47.5
2026-06-19 07:39:00,20.6,47.5
2026-06-19 07:40:00,20.5,47.5
2026-06-19 07:41:00,20.6,47.5
2026-06-19 07:42:00,20.6,47.5
2026-06-19 07:43:00,20.6,47.6
2026-06-19 07:44:00,20.4,47.4
2026-06-19 07:45:00,20.5,47.5
2026-06-19 07:46:00,20.5,47.5
2026-06-19 07:47:00,20.6,47.6
2026-06-19 07:48:00,20.3,47.4
2026-06-19 07:49:00,20.6,47.6
2026-06-19 07:50:00,20.6,47.5
2026-06-19 07:51:00,20.5,47.6
2026-06-19 07:52:00,20.5,47.4
2026-06-19 07:53:00,20.6,47.5
2026-06-19 07:54:00,20.5,47.5
2026-06-19 07:55:00,20.5,47.5
2026-06-19 07:56:00,20.5,47.5
2026-06-19 07:57:00,20.4,47.5
2026-06-19 07:58:00,20.5,47.5
2026-06-19 07:59:00,20.6,47.7
2026-06-19 08:00:00,20.6,47.6
2026-06-19 08:01:00,20.5,47.5
2026-06-19 08:02:00,20.6,47.6
2026-06-19 08:03:00,20.5,47.4
2026-06-19 08:04:00,20.6,47.6
2026-06-19 08:05:00,20.6,47.5
2026-06-19 08:06:00,20.5,47.5
2026-06-19 08:07:00,20.7,47.6
2026-06-19 08:08:00,20.6,47.6
2026-06-19 08:09:00,20.5,47.5
2026-06-19 08:10:00,20.5,47.3
2026-06-19 08:11:00,20.6,47.4
2026-06-19 08:12:00,20.7,47.6
2026-06-19 08:13:00,20.5,47.5
2026-06-19 08:14:00,20.5,47.6
2026-06-19 08:15:00,20.6,47.5
2026-06-19 08:16:00,20.6,47.5
2026-06-19 08:17:00,20.7,47.6
2026-06-19 08:18:00,20.6,47.5
2026-06-19 08:19:00,20.5,47.4
2026-06-19 08:20:00,20.6,47.5
2026-06-19 08:21:00,20.6,47.5
2026-06-19 08:22:00,20.6,47.5
2026-06-19 08:23:00,20.6,47.5
2026-06-19 08:24:00,20.5,47.3
2026-06-19 08:25:00,20.6,47.5
2026-06-19 08:26:00,20.6,47.4
2026-06-19 08:27:00,20.7,47.5
2026-06-19 08:28:00,20.6,47.4
2026-06-19 08:29:00,20.6,47.3
2026-06-19 08:30:00,20.7,47.4
2026-06-19 08:31:00,20.6,47.3
2026-06-19 08:32:00,20.7,47.3
2026-06-19 08:33:00,20.6,47.3
2026-06-19 08:34:00,20.5,47.4
2026-06-19 08:35:00,20.5,47.5
2026-06-19 08:36:00,20.6,47.5
2026-06-19 08:37:00,20.7,47.3
2026-06-19 08:38:00,20.7,47.5
2026-06-19 08:39:00,20.6,47.5
2026-06-19 08:40:00,20.6,47.4
2026-06-19 08:41:00,20.7,47.5
2026-06-19 08:42:00,20.6,47.3
2026-06-19 08:43:00,20.6,47.4
2026-06-19 08:44:00,20.6,47.4
2026-06-19 08:45:00,20.6,47.3
2026-06-19 08:46:00,20.5,47.4
2026-06-19 08:47:00,20.6,47.5
2026-06-19 08:48:00,20.7,47.5
2026-06-19 08:49:00,20.6,47.5
2026-06-19 08:50:00,20.7,47.5
2026-06-19 08:51:00,20.7,47.5
2026-06-19 08:52:00,20.6,47.5
2026-06-19 08:53:00,20.6,47.5
2026-06-19 08:54:00,20.7,47.3
2026-06-19 08:55:00,20.7,47.5
2026-06-19 08:56:00,20.7,47.4
2026-06-19 08:57:00,20.7,47.4
2026-06-19 08:58:00,20.8,47.6
2026-06-19 08:59:00,20.7,47.3
2026-06-19 09:00:00,20.8,47.5
2026-06-19 09:01:00,20.6,47.5
2026-06-19 09:02:00,20.6,47.4
2026-06-19 09:03:00,20.6,47.4
2026-06-19 09:04:00,20.7,47.3
2026-06-19 09:05:00,20.8,47.3
2026-06-19 09:06:00,20.8,47.4
2026-06-19 09:07:00,20.8,47.4
2026-06-19 09:08:00,20.7,47.3
2026-06-19 09:09:00,20.9,47.4
2026-06-19 09:10:00,20.9,47.5
2026-06-19 09:11:00,20.7,47.4
2026-06-19 09:12:00,20.8,47.5
2026-06-19 09:13:00,20.6,47.3
2026-06-19 09:14:00,20.6,47.3
2026-06-19 09:15:00,20.7,47.3
2026-06-19 09:16:00,20.7,47.4
2026-06-19 09:17:00,20.9,47.4
2026-06-19 09:18:00,20.9,47.5
2026-06-19 09:19:00,20.7,47.3
2026-06-19 09:20:00,20.7,47.4
2026-06-19 09:21:00,20.7,47.4
2026-06-19 09:22:00,20.9,47.5
2026-06-19 09:23:00,20.9,47.5
2026-06-19 09:24:00,20.7,47.4
2026-06-19 09:25:00,20.6,47.4
2026-06-19 09:26:00,21,47.4
2026-06-19 09:27:00,20.8,47.5
2026-06-19 09:28:00,20.7,47.4
2026-06-19 09:29:00,20.9,47.3
2026-06-19 09:30:00,20.9,47.5
2026-06-19 09:31:00,20.9,47.4
2026-06-19 09:32:00,21,47.5
2026-06-19 09:33:00,20.9,47.3
2026-06-19 09:34:00,20.7,47.4
2026-06-19 09:35:00,20.7,47.3
2026-06-19 09:36:00,20.8,47.4
2026-06-19 09:37:00,21,47.4
2026-06-19 09:38:00,20.9,47.3
2026-06-19 09:39:00,21,47.5
2026-06-19 09:40:00,20.9,47.4
2026-06-19 09:41:00,20.8,47.5
2026-06-19 09:42:00,20.8,47.3
2026-06-19 09:43:00,20.9,47.3
2026-06-19 09:44:00,20.9,47.5
2026-06-19 09:45:00,21,47.2
2026-06-19 09:46:00,20.9,47.5
2026-06-19 09:47:00,20.9,47.3
2026-06-19 09:48:00,20.9,47.3
2026-06-19 09:49:00,21,47.5
2026-06-19 09:50:00,20.9,47.4
2026-06-19 09:51:00,20.9,47.4
2026-06-19 09:52:00,20.9,47.3
2026-06-19 09:53:00,20.9,47.4
2026-06-19 09:54:00,20.7,47.2
2026-06-19 09:55:00,21,47.4
2026-06-19 09:56:00,21,47.3
2026-06-19 09:57:00,20.9,47.2
2026-06-19 09:58:00,20.9,47.3
2026-06-19 09:59:00,20.9,47.4
2026-06-19 10:00:00,21,47.2
2026-06-19 10:01:00,20.9,47.2
2026-06-19 10:02:00,21,47.2
2026-06-19 10:03:00,20.9,47.3
2026-06-19 10:04:00,20.9,47.1
2026-06-19 10:05:00,20.9,47.1
2026-06-19 10:06:00,21,47.1
2026-06-19 10:07:00,21,47.2
2026-06-19 10:08:00,21,47.3
2026-06-19 10:09:00,21.1,47.2
2026-06-19 10:10:00,21,47.2
2026-06-19 10:11:00,21,47.1
2026-06-19 10:12:00,21,47.2
2026-06-19 10:13:00,21.1,47.3
2026-06-19 10:14:00,21,47.2
2026-06-19 10:15:00,21,47.2
2026-06-19 10:16:00,21.1,47
2026-06-19 10:17:00,21,47.2
2026-06-19 10:18:00,21.1,47
2026-06-19 10:19:00,21.1,47.1
2026-06-19 10:20:00,21.1,46.9
2026-06-19 10:21:00,21,46.8
2026-06-19 10:22:00,21.1,47.1
2026-06-19 10:23:00,21.1,47
2026-06-19 10:24:00,21.1,47
2026-06-19 10:25:00,21.1,47
2026-06-19 10:26:00,21,47
2026-06-19 10:27:00,21,47
2026-06-19 10:28:00,21.1,46.9
2026-06-19 10:29:00,21.1,46.9
2026-06-19 10:30:00,21.2,47
2026-06-19 10:31:00,21.1,47
2026-06-19 10:32:00,21,46.9
2026-06-19 10:33:00,21.2,47
2026-06-19 10:34:00,21.1,46.9
2026-06-19 10:35:00,21.1,46.9
2026-06-19 10:36:00,21.1,46.9
2026-06-19 10:37:00,21.1,46.9
2026-06-19 10:38:00,21.1,46.8
2026-06-19 10:39:00,21.2,46.8
2026-06-19 10:40:00,21.1,46.8
2026-06-19 10:41:00,21.2,46.9
2026-06-19 10:42:00,21.1,46.9
2026-06-19 10:43:00,21.1,46.9
2026-06-19 10:44:00,21.1,46.8
2026-06-19 10:45:00,21.1,46.8
2026-06-19 10:46:00,21.1,46.8
2026-06-19 10:47:00,21.2,46.9
2026-06-19 10:48:00,21.2,47
2026-06-19 10:49:00,21.2,46.8
2026-06-19 10:50:00,21.4,47
2026-06-19 10:51:00,21.1,46.8
2026-06-19 10:52:00,21.2,46.9
2026-06-19 10:53:00,21.2,46.8
2026-06-19 10:54:00,21.1,47
2026-06-19 10:55:00,21.2,46.8
2026-06-19 10:56:00,21.3,46.9
2026-06-19 10:57:00,21.1,46.8
2026-06-19 10:58:00,21.3,46.9
2026-06-19 10:59:00,21.2,46.8
2026-06-19 11:00:00,21.2,46.8
2026-06-19 11:01:00,21.4,46.9
2026-06-19 11:02:00,21.1,46.7
2026-06-19 11:03:00,21.2,46.8
2026-06-19 11:04:00,21.1,46.7
2026-06-19 11:05:00,21.3,46.9
2026-06-19 11:06:00,21.2,46.9
2026-06-19 11:07:00,21.2,46.7
2026-06-19 11:08:00,21.3,46.8
2026-06-19 11:09:00,21.2,46.8
2026-06-19 11:10:00,21.2,46.6
2026-06-19 11:11:00,21.5,46.9
2026-06-19 11:12:00,21.4,46.8
2026-06-19 11:13:00,21.2,46.8
2026-06-19 11:14:00,21.3,46.8
2026-06-19 11:15:00,21.3,46.7
2026-06-19 11:16:00,21.3,46.6
2026-06-19 11:17:00,21.3,46.8
2026-06-19 11:18:00,21.3,46.8
2026-06-19 11:19:00,21.5,46.9
2026-06-19 11:20:00,21.3,46.8
2026-06-19 11:21:00,21.3,46.6
2026-06-19 11:22:00,21.3,46.7
2026-06-19 11:23:00,21.3,46.6
2026-06-19 11:24:00,21.3,46.7
2026-06-19 11:25:00,21.4,46.7
2026-06-19 11:26:00,21.3,46.6
2026-06-19 11:27:00,21.5,46.6
2026-06-19 11:28:00,21.3,46.7
2026-06-19 11:29:00,21.3,46.7
2026-06-19 11:30:00,21.4,46.6
2026-06-19 11:31:00,21.3,46.7
2026-06-19 11:32:00,21.3,46.6
2026-06-19 11:33:00,21.5,46.5
2026-06-19 11:34:00,21.5,46.8
2026-06-19 11:35:00,21.3,46.6
2026-06-19 11:36:00,21.4,46.7
2026-06-19 11:37:00,21.5,46.7
2026-06-19 11:38:00,21.5,46.7
2026-06-19 11:39:00,21.5,46.5
2026-06-19 11:40:00,21.4,46.6
2026-06-19 11:41:00,21.6,46.7
2026-06-19 11:42:00,21.5,46.5
2026-06-19 11:43:00,21.5,46.6
2026-06-19 11:44:00,21.3,46.5
2026-06-19 11:45:00,21.5,46.6
2026-06-19 11:46:00,21.5,46.5
2026-06-19 11:47:00,21.5,46.7
2026-06-19 11:48:00,21.3,46.5
2026-06-19 11:49:00,21.3,46.4
2026-06-19 11:50:00,21.5,46.5
2026-06-19 11:51:00,21.6,46.5
2026-06-19 11:52:00,21.5,46.5
2026-06-19 11:53:00,21.5,46.7
2026-06-19 11:54:00,21.5,46.5
2026-06-19 11:55:00,21.5,46.5
2026-06-19 11:56:00,21.5,46.3
2026-06-19 11:57:00,21.5,46.5
2026-06-19 11:58:00,21.3,46.4
2026-06-19 11:59:00,21.6,46.4
2026-06-19 12:00:00,21.5,46.5
2026-06-19 12:01:00,21.5,46.4
2026-06-19 12:02:00,21.6,46.4
2026-06-19 12:03:00,21.5,46.5
2026-06-19 12:04:00,21.6,46.3
2026-06-19 12:05:00,21.5,46.5
2026-06-19 12:06:00,21.6,46.3
2026-06-19 12:07:00,21.6,46.4
2026-06-19 12:08:00,21.6,46.2
2026-06-19 12:09:00,21.6,46.3
2026-06-19 12:10:00,21.6,46.5
2026-06-19 12:11:00,21.5,46.3
2026-06-19 12:12:00,21.6,46.5
2026-06-19 12:13:00,21.6,46.4
2026-06-19 12:14:00,21.7,46.3
2026-06-19 12:15:00,21.6,46.3
2026-06-19 12:16:00,21.6,46.4
2026-06-19 12:17:00,21.6,46.3
2026-06-19 12:18:00,21.6,46.5
2026-06-19 12:19:00,21.7,46.3
2026-06-19 12:20:00,21.7,46.3
2026-06-19 12:21:00,21.5,46.3
2026-06-19 12:22:00,21.6,46.3
2026-06-19 12:23:00,21.6,46.3
2026-06-19 12:24:00,21.8,46.4
2026-06-19 12:25:00,21.6,46.3
2026-06-19 12:26:00,21.6,46.3
2026-06-19 12:27:00,21.6,46.1
2026-06-19 12:28:00,21.6,46.3
2026-06-19 12:29:00,21.7,46.4
2026-06-19 12:30:00,21.6,46.2
2026-06-19 12:31:00,21.6,46.3
2026-06-19 12:32:00,21.6,46.4
2026-06-19 12:33:00,21.9,46.3
2026-06-19 12:34:00,21.6,46.2
2026-06-19 12:35:00,21.7,46.2
2026-06-19 12:36:00,21.7,46.2
2026-06-19 12:37:00,21.6,46.1
2026-06-19 12:38:00,21.7,46.1
2026-06-19 12:39:00,21.8,46.3
2026-06-19 12:40:00,21.7,46.3
2026-06-19 12:41:00,21.7,46.2
2026-06-19 12:42:00,21.7,46.1
2026-06-19 12:43:00,21.8,46.2
2026-06-19 12:44:00,21.7,46.2
2026-06-19 12:45:00,21.6,46.1
2026-06-19 12:46:00,21.7,46.2
2026-06-19 12:47:00,21.6,46.2
2026-06-19 12:48:00,21.8,46.2
2026-06-19 12:49:00,21.9,46.1
2026-06-19 12:50:00,21.9,46.2
2026-06-19 12:51:00,21.7,46.1
2026-06-19 12:52:00,21.9,46.1
2026-06-19 12:53:00,21.7,46.1
2026-06-19 12:54:00,21.7,46.2
2026-06-19 12:55:00,22,46.1
2026-06-19 12:56:00,21.9,46.1
2026-06-19 12:57:00,21.9,45.9
2026-06-19 12:58:00,21.9,46.1
2026-06-19 12:59:00,21.8,46.1
2026-06-19 13:00:00,22.1,46
2026-06-19 13:01:00,21.9,46.2
2026-06-19 13:02:00,21.9,46.1
2026-06-19 13:03:00,21.8,46
2026-06-19 13:04:00,21.8,46
2026-06-19 13:05:00,21.9,46.2
2026-06-19 13:06:00,21.9,46
2026-06-19 13:07:00,22,46
2026-06-19 13:08:00,21.9,46.1
2026-06-19 13:09:00,21.9,46
2026-06-19 13:10:00,22,46
2026-06-19 13:11:00,22,46
2026-06-19 13:12:00,21.9,45.9
2026-06-19 13:13:00,22.1,45.9
2026-06-19 13:14:00,22,45.9
2026-06-19 13:15:00,21.9,46
2026-06-19 13:16:00,22,46
2026-06-19 13:17:00,21.9,46
2026-06-19 13:18:00,22,46
2026-06-19 13:19:00,21.9,46.1
2026-06-19 13:20:00,22.1,46.1
2026-06-19 13:21:00,22.1,45.9
2026-06-19 13:22:00,22,46
2026-06-19 13:23:00,22,46
2026-06-19 13:24:00,21.9,46
2026-06-19 13:25:00,21.9,46
2026-06-19 13:26:00,21.9,46
2026-06-19 13:27:00,22,45.9
2026-06-19 13:28:00,22,46
2026-06-19 13:29:00,22,45.9
2026-06-19 13:30:00,22,46
2026-06-19 13:31:00,22,46
2026-06-19 13:32:00,22,46
2026-06-19 13:33:00,22.1,46
2026-06-19 13:34:00,22.2,45.9
2026-06-19 13:35:00,22.1,45.8
2026-06-19 13:36:00,22.1,45.9
2026-06-19 13:37:00,22.1,45.9
2026-06-19 13:38:00,22.1,46
2026-06-19 13:39:00,22.1,45.9
2026-06-19 13:40:00,22.1,46
2026-06-19 13:41:00,22,45.9
2026-06-19 13:42:00,22,45.8
2026-06-19 13:43:00,22.2,45.9
2026-06-19 13:44:00,22.1,45.8
2026-06-19 13:45:00,22.1,45.9
2026-06-19 13:46:00,22.1,45.9
2026-06-19 13:47:00,22.2,45.9
2026-06-19 13:48:00,22.1,45.9
2026-06-19 13:49:00,22.1,45.9
2026-06-19 13:50:00,22.2,46
2026-06-19 13:51:00,22.1,46
2026-06-19 13:52:00,22.1,46
2026-06-19 13:53:00,22.1,45.9
2026-06-19 13:54:00,22.2,46
2026-06-19 13:55:00,22.1,45.9
2026-06-19 13:56:00,22.1,45.8
2026-06-19 13:57:00,22.3,45.9
2026-06-19 13:58:00,22.2,46
2026-06-19 13:59:00,22.2,46
2026-06-19 14:00:00,22.1,45.9
2026-06-19 14:01:00,22.2,46
2026-06-19 14:02:00,22.1,45.9
2026-06-19 14:03:00,22.1,46.1
2026-06-19 14:04:00,22.3,46
2026-06-19 14:05:00,22.2,46.2
2026-06-19 14:06:00,22.1,46
2026-06-19 14:07:00,22.2,46
2026-06-19 14:08:00,22.2,46
2026-06-19 14:09:00,22.2,45.8
2026-06-19 14:10:00,22.1,46
2026-06-19 14:11:00,22.2,46
2026-06-19 14:12:00,22.2,45.9
2026-06-19 14:13:00,22.4,45.9
2026-06-19 14:14:00,22.3,45.8
2026-06-19 14:15:00,22.2,45.9
2026-06-19 14:16:00,22.2,46
2026-06-19 14:17:00,22.3,46
2026-06-19 14:18:00,22.3,45.9
2026-06-19 14:19:00,22.3,45.9
2026-06-19 14:20:00,22.2,45.9
2026-06-19 14:21:00,22.4,45.9
2026-06-19 14:22:00,22.4,46
2026-06-19 14:23:00,22.2,45.9
2026-06-19 14:24:00,22.4,45.9
2026-06-19 14:25:00,22.5,46
2026-06-19 14:26:00,22.4,46
2026-06-19 14:27:00,22.3,45.9
2026-06-19 14:28:00,22.4,45.9
2026-06-19 14:29:00,22.4,45.8
2026-06-19 14:30:00,22.4,45.8
2026-06-19 14:31:00,22.4,46
2026-06-19 14:32:00,22.4,45.9
2026-06-19 14:33:00,22.4,45.9
2026-06-19 14:34:00,22.4,45.9
2026-06-19 14:35:00,22.4,45.8
2026-06-19 14:36:00,22.4,45.8
2026-06-19 14:37:00,22.3,45.8
2026-06-19 14:38:00,22.4,45.8
2026-06-19 14:39:00,22.4,45.7
2026-06-19 14:40:00,22.4,45.8
2026-06-19 14:41:00,22.5,45.8
2026-06-19 14:42:00,22.4,45.9
2026-06-19 14:43:00,22.5,45.7
2026-06-19 14:44:00,22.4,45.8
2026-06-19 14:45:00,22.4,45.7
2026-06-19 14:46:00,22.5,45.8
2026-06-19 14:47:00,22.4,45.9
2026-06-19 14:48:00,22.5,45.9
2026-06-19 14:49:00,22.4,45.8
2026-06-19 14:50:00,22.6,45.8
2026-06-19 14:51:00,22.4,45.8
2026-06-19 14:52:00,22.5,45.9
2026-06-19 14:53:00,22.5,45.8
2026-06-19 14:54:00,22.6,45.9
2026-06-19 14:55:00,22.5,45.9
2026-06-19 14:56:00,22.5,45.9
2026-06-19 14:57:00,22.5,45.9
2026-06-19 14:58:00,22.6,45.9
2026-06-19 14:59:00,22.6,45.9
2026-06-19 15:00:00,22.6,46
2026-06-19 15:01:00,22.6,45.9
2026-06-19 15:02:00,22.6,45.9
2026-06-19 15:03:00,22.4,45.9
2026-06-19 15:04:00,22.5,45.9
2026-06-19 15:05:00,22.6,46
2026-06-19 15:06:00,22.6,45.8
2026-06-19 15:07:00,22.5,45.9
2026-06-19 15:08:00,22.6,45.9
2026-06-19 15:09:00,22.7,46
2026-06-19 15:10:00,22.6,45.9
2026-06-19 15:11:00,22.6,45.9
2026-06-19 15:12:00,22.6,45.9
2026-06-19 15:13:00,22.6,45.8
2026-06-19 15:14:00,22.6,45.6
2026-06-19 15:15:00,22.6,45.8
2026-06-19 15:16:00,22.6,45.8
2026-06-19 15:17:00,22.7,45.8
2026-06-19 15:18:00,22.6,45.9
2026-06-19 15:19:00,22.9,45.9
2026-06-19 15:20:00,22.6,45.7
2026-06-19 15:21:00,22.7,45.7
2026-06-19 15:22:00,22.7,45.8
2026-06-19 15:23:00,22.6,45.8
2026-06-19 15:24:00,22.6,45.8
2026-06-19 15:25:00,22.7,45.8
2026-06-19 15:26:00,22.6,45.7
2026-06-19 15:27:00,22.9,45.8
2026-06-19 15:28:00,22.7,45.7
2026-06-19 15:29:00,22.8,45.7
2026-06-19 15:30:00,22.8,45.8
2026-06-19 15:31:00,22.8,45.8
2026-06-19 15:32:00,22.7,45.8
2026-06-19 15:33:00,22.9,45.9
2026-06-19 15:34:00,22.9,45.9
2026-06-19 15:35:00,22.9,45.7
2026-06-19 15:36:00,22.8,45.8
2026-06-19 15:37:00,22.7,45.7
2026-06-19 15:38:00,22.9,45.6
2026-06-19 15:39:00,22.9,45.7
2026-06-19 15:40:00,23.1,45.6
2026-06-19 15:41:00,22.9,45.8
2026-06-19 15:42:00,23,45.7
2026-06-19 15:43:00,22.9,45.6
2026-06-19 15:44:00,22.8,45.6
2026-06-19 15:45:00,22.9,45.6
2026-06-19 15:46:00,22.9,45.6
2026-06-19 15:47:00,22.9,45.6
2026-06-19 15:48:00,23,45.6
2026-06-19 15:49:00,23.1,45.8
2026-06-19 15:50:00,22.9,45.6
2026-06-19 15:51:00,23.1,45.5
2026-06-19 15:52:00,22.9,45.6
2026-06-19 15:53:00,23.1,45.7
2026-06-19 15:54:00,23.1,45.6
2026-06-19 15:55:00,23.1,45.7
2026-06-19 15:56:00,22.9,45.6
2026-06-19 15:57:00,23.1,45.7
2026-06-19 15:58:00,23.1,45.7
2026-06-19 15:59:00,23.1,45.7
2026-06-19 16:00:00,23.1,45.8
2026-06-19 16:01:00,23,45.7
2026-06-19 16:02:00,22.9,45.7
2026-06-19 16:03:00,22.9,45.7
2026-06-19 16:04:00,23.1,45.7
2026-06-19 16:05:00,22.9,45.7
2026-06-19 16:06:00,23.1,45.6
2026-06-19 16:07:00,23.1,45.7
2026-06-19 16:08:00,23.1,45.8
2026-06-19 16:09:00,23.1,45.8
2026-06-19 16:10:00,23.1,45.8
2026-06-19 16:11:00,23.1,45.8
2026-06-19 16:12:00,23.1,45.9
2026-06-19 16:13:00,23.1,45.9
2026-06-19 16:14:00,23.1,45.8
2026-06-19 16:15:00,23.1,45.8
2026-06-19 16:16:00,23.1,45.9
2026-06-19 16:17:00,23.1,45.8
2026-06-19 16:18:00,23.1,45.8
2026-06-19 16:19:00,23.1,45.9
2026-06-19 16:20:00,23.1,45.8
2026-06-19 16:21:00,23.2,45.9
2026-06-19 16:22:00,23.1,45.9
2026-06-19 16:23:00,23.1,45.8
2026-06-19 16:24:00,23.1,45.8
2026-06-19 16:25:00,23.2,45.9
2026-06-19 16:26:00,23.1,45.9
2026-06-19 16:27:00,23.2,45.9
2026-06-19 16:28:00,23.1,45.9
2026-06-19 16:29:00,23.1,45.9
2026-06-19 16:30:00,23.1,45.8
2026-06-19 16:31:00,23.1,46.1
2026-06-19 16:32:00,23.1,45.8
2026-06-19 16:33:00,23.1,45.9
2026-06-19 16:34:00,23.2,45.8
2026-06-19 16:35:00,23.1,46
2026-06-19 16:36:00,23.2,45.9
2026-06-19 16:37:00,23.3,46
2026-06-19 16:38:00,23.2,46
2026-06-19 16:39:00,23.1,46
2026-06-19 16:40:00,23.2,46
2026-06-19 16:41:00,23.1,46
2026-06-19 16:42:00,23.3,46
2026-06-19 16:43:00,23.2,46.1
2026-06-19 16:44:00,23.2,46
2026-06-19 16:45:00,23.1,45.9
2026-06-19 16:46:00,23.3,46.1
2026-06-19 16:47:00,23.2,46
2026-06-19 16:48:00,23.1,46
2026-06-19 16:49:00,23.1,46
2026-06-19 16:50:00,23.1,46
2026-06-19 16:51:00,23.2,46.1
2026-06-19 16:52:00,23.1,46
2026-06-19 16:53:00,23.2,46
2026-06-19 16:54:00,23.1,46.1
2026-06-19 16:55:00,23.2,46
2026-06-19 16:56:00,23.2,46
2026-06-19 16:57:00,23.1,45.9
2026-06-19 16:58:00,23.2,45.8
2026-06-19 16:59:00,23.2,45.9
2026-06-19 17:00:00,23.2,46
2026-06-19 17:01:00,23.2,46
2026-06-19 17:02:00,23.2,46
2026-06-19 17:03:00,23.2,45.8
2026-06-19 17:04:00,23.2,46
2026-06-19 17:05:00,23.1,45.9
2026-06-19 17:06:00,23.1,46
2026-06-19 17:07:00,23.1,45.7
2026-06-19 17:08:00,23.3,45.8
2026-06-19 17:09:00,23.2,45.9
2026-06-19 17:10:00,23.2,45.8
2026-06-19 17:11:00,23.2,45.9
2026-06-19 17:12:00,23.2,45.8
2026-06-19 17:13:00,23.2,46
2026-06-19 17:14:00,23.4,45.9
2026-06-19 17:15:00,23.2,45.8
2026-06-19 17:16:00,23.4,45.7
2026-06-19 17:17:00,23.2,45.7
2026-06-19 17:18:00,23.2,45.8
2026-06-19 17:19:00,23.4,45.9
2026-06-19 17:20:00,23.3,45.8
2026-06-19 17:21:00,23.4,45.9
2026-06-19 17:22:00,23.2,45.8
2026-06-19 17:23:00,23.2,45.8
2026-06-19 17:24:00,23.3,45.8
2026-06-19 17:25:00,23.4,45.7
2026-06-19 17:26:00,23.4,45.9
2026-06-19 17:27:00,23.2,45.8
2026-06-19 17:28:00,23.2,45.8
2026-06-19 17:29:00,23.2,45.6
2026-06-19 17:30:00,23.2,45.8
2026-06-19 17:31:00,23.4,45.7
2026-06-19 17:32:00,23.1,45.7
2026-06-19 17:33:00,23.2,45.7
2026-06-19 17:34:00,23.1,45.6
2026-06-19 17:35:00,23.2,45.7
2026-06-19 17:36:00,23.3,45.7
2026-06-19 17:37:00,23.2,45.8
2026-06-19 17:38:00,23.4,45.7
2026-06-19 17:39:00,23.2,45.6
2026-06-19 17:40:00,23.2,45.8
2026-06-19 17:41:00,23.3,45.7
2026-06-19 17:42:00,23.2,45.5
2026-06-19 17:43:00,23.4,45.8
2026-06-19 17:44:00,23.2,45.7
2026-06-19 17:45:00,23.2,45.6
2026-06-19 17:46:00,23.3,45.7
2026-06-19 17:47:00,23.3,45.7
2026-06-19 17:48:00,23.3,45.7
2026-06-19 17:49:00,23.2,45.6
2026-06-19 17:50:00,23.2,45.6
2026-06-19 17:51:00,23.2,45.6
2026-06-19 17:52:00,23.2,45.6
2026-06-19 17:53:00,23.4,45.7
2026-06-19 17:54:00,23.4,45.6
2026-06-19 17:55:00,23.3,45.7
2026-06-19 17:56:00,23.4,45.7
2026-06-19 17:57:00,23.2,45.5
2026-06-19 17:58:00,23.4,45.7
2026-06-19 17:59:00,23.3,45.6
2026-06-19 18:00:00,23.3,45.6
2026-06-19 18:01:00,23.3,45.6
2026-06-19 18:02:00,23.2,45.5
2026-06-19 18:03:00,23.3,45.5
2026-06-19 18:04:00,23.3,45.8
2026-06-19 18:05:00,23.4,45.6
2026-06-19 18:06:00,23.4,45.7
2026-06-19 18:07:00,23.2,45.7
2026-06-19 18:08:00,23.1,45.6
2026-06-19 18:09:00,23.4,45.6
2026-06-19 18:10:00,23.4,45.6
2026-06-19 18:11:00,23.2,45.6
2026-06-19 18:12:00,23.4,45.5
2026-06-19 18:13:00,23.3,45.7
2026-06-19 18:14:00,23.4,45.6
2026-06-19 18:15:00,23.4,45.5
2026-06-19 18:16:00,23.2,45.6
2026-06-19 18:17:00,23.3,45.7
2026-06-19 18:18:00,23.3,45.6
2026-06-19 18:19:00,23.3,45.6
2026-06-19 18:20:00,23.3,45.6
2026-06-19 18:21:00,23.4,45.5
2026-06-19 18:22:00,23.4,45.6
2026-06-19 18:23:00,23.4,45.6
2026-06-19 18:24:00,23.4,45.5
2026-06-19 18:25:00,23.4,45.5
2026-06-19 18:26:00,23.2,45.4
2026-06-19 18:27:00,23.4,45.6
2026-06-19 18:28:00,23.3,45.4
2026-06-19 18:29:00,23.4,45.7
2026-06-19 18:30:00,23.5,45.5
2026-06-19 18:31:00,23.4,45.4
2026-06-19 18:32:00,23.4,45.5
2026-06-19 18:33:00,23.4,45.5
2026-06-19 18:34:00,23.4,45.6
2026-06-19 18:35:00,23.4,45.5
2026-06-19 18:36:00,23.5,45.6
2026-06-19 18:37:00,23.4,45.5
2026-06-19 18:38:00,23.5,45.5
2026-06-19 18:39:00,23.3,45.5
2026-06-19 18:40:00,23.4,45.6
2026-06-19 18:41:00,23.4,45.4
2026-06-19 18:42:00,23.4,45.5
2026-06-19 18:43:00,23.4,45.4
2026-06-19 18:44:00,23.3,45.4
2026-06-19 18:45:00,23.3,45.5
2026-06-19 18:46:00,23.4,45.3
2026-06-19 18:47:00,23.3,45.5
2026-06-19 18:48:00,23.4,45.5
2026-06-19 18:49:00,23.3,45.5
2026-06-19 18:50:00,23.4,45.4
2026-06-19 18:51:00,23.5,45.3
2026-06-19 18:52:00,23.4,45.5
2026-06-19 18:53:00,23.3,45.5
2026-06-19 18:54:00,23.6,45.6
2026-06-19 18:55:00,23.3,45.4
2026-06-19 18:56:00,23.5,45.5
2026-06-19 18:57:00,23.2,45.3
2026-06-19 18:58:00,23.4,45.4
2026-06-19 18:59:00,23.4,45.3