Nome do Arquivo,Data Coleta,UR Coleta (%),Temp Coleta (°C),Temp Máx (°C),Temp Mín (°C),Temp Méd (°C),Temp Mediana (°C),Desvio Padrão (°C),Variância (°C^2),Amplitude (°C)
2025072500520E.CSV,25/01/2026,60.0,25.0,24.50,22.40,23.46,23.50,0.34,0.11,2.10
2025072500521E.CSV,25/01/2026,60.0,25.0,24.10,21.80,22.99,23.00,0.34,0.12,2.30
2025072500522E.CSV,25/01/2026,60.0,25.0,23.90,21.40,22.62,22.60,0.37,0.14,2.50
2025072500523E.CSV,25/01/2026,60.0,25.0,23.80,21.40,22.55,22.50,0.36,0.13,2.40
2025072500524E.CSV,25/01/2026,60.0,25.0,23.90,21.60,22.68,22.70,0.36,0.13,2.30
2025072500525E.CSV,25/01/2026,60.0,25.0,24.00,21.40,22.52,22.50,0.37,0.14,2.60
2025072500526E.CSV,25/01/2026,60.0,25.0,23.80,21.30,22.50,22.50,0.37,0.14,2.50
2025072500527E.CSV,25/01/2026,60.0,25.0,23.80,21.40,22.59,22.60,0.37,0.14,2.40
2025072500528E.CSV,25/01/2026,60.0,25.0,23.80,21.40,22.56,22.50,0.37,0.14,2.40
2025072500529E.CSV,25/01/2026,60.0,25.0,23.90,21.30,22.60,22.60,0.37,0.14,2.60
2025072500530E.CSV,25/01/2026,60.0,25.0,23.80,21.40,22.56,22.50,0.37,0.14,2.40
2025072500531E.CSV,25/01/2026,60.0,25.0,23.90,21.20,22.50,22.50,0.37,0.14,2.70
2025072500532E.CSV,25/01/2026,60.0,25.0,23.90,21.00,22.54,22.50,0.38,0.14,2.90
2025072500533E.CSV,25/01/2026,60.0,25.0,23.90,21.40,22.55,22.50,0.37,0.14,2.50
2025072500534E.CSV,25/01/2026,60.0,25.0,23.90,21.40,22.58,22.60,0.38,0.14,2.50
2025072500535E.CSV,25/01/2026,60.0,25.0,24.00,21.50,22.66,22.60,0.38,0.15,2.50
2025072500536E.CSV,25/01/2026,60.0,25.0,24.20,21.40,22.63,22.60,0.38,0.14,2.80
2025072500537E.CSV,25/01/2026,60.0,25.0,23.80,21.50,22.58,22.60,0.38,0.15,2.30
2025072500538E.CSV,25/01/2026,60.0,25.0,23.90,21.30,22.48,22.50,0.38,0.15,2.60
2025072500539E.CSV,25/01/2026,60.0,25.0,23.60,21.10,22.36,22.40,0.39,0.15,2.50
2025072500540E.CSV,25/01/2026,60.0,25.0,24.00,21.10,22.44,22.40,0.38,0.15,2.90
2025072500541E.CSV,25/01/2026,60.0,25.0,23.70,21.10,22.36,22.30,0.38,0.15,2.60
2025072500542E.CSV,25/01/2026,60.0,25.0,23.60,21.10,22.29,22.30,0.39,0.15,2.50
2025072500543E.CSV,25/01/2026,60.0,25.0,23.60,21.00,22.24,22.20,0.39,0.15,2.60
2025072500544E.CSV,25/01/2026,60.0,25.0,23.60,21.10,22.22,22.20,0.39,0.15,2.50
2025072500545E.CSV,25/01/2026,60.0,25.0,23.60,21.00,22.18,22.20,0.39,0.15,2.60
2025072500546E.CSV,25/01/2026,60.0,25.0,23.60,20.80,22.16,22.10,0.39,0.15,2.80
2025072500547E.CSV,25/01/2026,60.0,25.0,23.40,20.80,21.99,22.00,0.39,0.15,2.60
2025072500548E.CSV,25/01/2026,60.0,25.0,23.30,20.70,22.00,22.00,0.40,0.16,2.60
2025072500549E.CSV,25/01/2026,60.0,25.0,23.30,20.70,21.97,22.00,0.40,0.16,2.60
2025072500550E.CSV,25/01/2026,60.0,25.0,23.20,20.80,21.96,21.90,0.40,0.16,2.40
2025072500551E.CSV,25/01/2026,60.0,25.0,23.20,20.50,21.86,21.80,0.39,0.15,2.70
2025072500552E.CSV,25/01/2026,60.0,25.0,23.40,20.60,21.87,21.90,0.40,0.16,2.80
2025072500553E.CSV,25/01/2026,60.0,25.0,23.20,20.60,21.76,21.80,0.40,0.16,2.60
2025072500554E.CSV,25/01/2026,60.0,25.0,23.20,20.50,21.77,21.80,0.40,0.16,2.70
2025072500555E.CSV,25/01/2026,60.0,25.0,23.10,20.40,21.71,21.70,0.39,0.15,2.70
2025072500556E.CSV,25/01/2026,60.0,25.0,23.10,20.40,21.64,21.60,0.40,0.16,2.70
2025072500557E.CSV,25/01/2026,60.0,25.0,22.80,20.20,21.58,21.60,0.40,0.16,2.60
2025072500558E.CSV,25/01/2026,60.0,25.0,22.90,20.40,21.61,21.60,0.40,0.16,2.50
2025072500559E.CSV,25/01/2026,60.0,25.0,22.90,20.30,21.63,21.60,0.40,0.16,2.60
2025072500560E.CSV,25/01/2026,60.0,25.0,23.20,20.30,21.65,21.60,0.40,0.16,2.90
2025072500561E.CSV,25/01/2026,60.0,25.0,23.10,20.40,21.62,21.60,0.40,0.16,2.70
2025072500562E.CSV,25/01/2026,60.0,25.0,23.00,20.30,21.55,21.50,0.40,0.16,2.70
2025072500563E.CSV,25/01/2026,60.0,25.0,23.00,20.30,21.61,21.60,0.41,0.17,2.70
2025072500564E.CSV,25/01/2026,60.0,25.0,22.90,20.30,21.53,21.50,0.40,0.16,2.60
2025072500565E.CSV,25/01/2026,60.0,25.0,23.10,20.30,21.55,21.50,0.40,0.16,2.80
2025072500566E.CSV,25/01/2026,60.0,25.0,22.80,20.20,21.47,21.50,0.40,0.16,2.60
2025072500567E.CSV,25/01/2026,60.0,25.0,23.00,20.30,21.62,21.60,0.42,0.18,2.70
2025072500568E.CSV,25/01/2026,60.0,25.0,22.90,20.40,21.53,21.50,0.41,0.17,2.50
2025072500569E.CSV,25/01/2026,60.0,25.0,23.10,20.30,21.52,21.50,0.41,0.17,2.80
2025072500570E.CSV,25/01/2026,60.0,25.0,23.00,20.30,21.62,21.60,0.41,0.17,2.70
2025072500571E.CSV,25/01/2026,60.0,25.0,22.90,20.30,21.54,21.50,0.41,0.17,2.60
2025072500572E.CSV,25/01/2026,60.0,25.0,22.90,20.20,21.53,21.50,0.40,0.16,2.70
2025072500573E.CSV,25/01/2026,60.0,25.0,22.90,20.20,21.48,21.50,0.41,0.16,2.70
2025072500574E.CSV,25/01/2026,60.0,25.0,23.00,20.40,21.54,21.50,0.41,0.16,2.60
2025072500575E.CSV,25/01/2026,60.0,25.0,22.80,20.20,21.38,21.40,0.40,0.16,2.60
2025072500576E.CSV,25/01/2026,60.0,25.0,22.90,20.30,21.59,21.60,0.41,0.17,2.60
2025072500577E.CSV,25/01/2026,60.0,25.0,22.90,20.30,21.56,21.50,0.41,0.17,2.60
2025072500578E.CSV,25/01/2026,60.0,25.0,22.80,20.20,21.43,21.40,0.41,0.17,2.60
2025072500579E.CSV,25/01/2026,60.0,25.0,22.80,20.00,21.41,21.40,0.41,0.17,2.80
2025072500580E.CSV,25/01/2026,60.0,25.0,22.90,20.20,21.55,21.50,0.41,0.17,2.70
2025072500581E.CSV,25/01/2026,60.0,25.0,22.90,20.30,21.57,21.60,0.41,0.17,2.60
2025072500582E.CSV,25/01/2026,60.0,25.0,22.80,20.20,21.48,21.50,0.41,0.17,2.60
2025072500583E.CSV,25/01/2026,60.0,25.0,22.80,20.10,21.43,21.40,0.41,0.17,2.70
2025072500584E.CSV,25/01/2026,60.0,25.0,22.70,20.20,21.42,21.40,0.41,0.16,2.50
2025072500585E.CSV,25/01/2026,60.0,25.0,22.80,20.20,21.52,21.50,0.42,0.17,2.60
2025072500586E.CSV,25/01/2026,60.0,25.0,22.80,20.20,21.45,21.40,0.41,0.17,2.60
2025072500587E.CSV,25/01/2026,60.0,25.0,22.90,20.30,21.47,21.50,0.40,0.16,2.60
2025072500588E.CSV,25/01/2026,60.0,25.0,22.80,20.30,21.42,21.40,0.41,0.17,2.50
